001:01:000,1,,Meta Event,Channel Prefix,1,FF 20 00,00:00:00:00,0
001:01:000,1,,Meta Event,Track Name,C2867_M1271__118_S66_vdata,FF 03 43 32 38 36 37 5F 4D 31 32 37 31 5F 1A 1A 1A 1A 1A 1A 1A 5F 31 31 38 5F 53 36 36 5F 76 64 61 74 61,00:00:00:00,0
001:01:000,1,,Meta Event,Instrument Name,Steinway Grand Piano,FF 04 53 74 65 69 6E 77 61 79 20 47 72 61 6E 64 20 50 69 61 6E 6F,00:00:00:00,0
001:01:000,1,,Meta Event,Time Signature,"4/4, Click: 24, MIDI Clock: 8",FF 58 04 02 18 08,00:00:00:00,0
001:01:000,1,,Meta Event,Key Signature,C,FF 59 00 00,00:00:00:00,0
001:01:000,1,,Meta Event,SMPTE Offset,"00 : 00 : 00 : 00 : 00, 25 fps",FF 54 20 00 00 00 00,00:00:00:00,0
001:01:000,1,,Meta Event,Set Tempo,117.9999,FF 51 07 C2 3B,00:00:00:00,0
002:01:080,1,1,Note,C7,105 064 263,90 60 69,00:00:02:02,2000
002:01:347,1,1,Note,A3,090 000 80,90 39 5A,00:00:02:10,2267
002:01:360,1,,Meta Event,Lyric,사,FF 05 EC 82 AC,00:00:02:10,2280
002:01:420,1,,Meta Event,Lyric,아^,FF 05 EC 95 84 5E,00:00:02:11,2340
002:01:431,1,1,Note,A3,090 000 133,90 39 5A,00:00:02:12,2351
002:02:060,1,,Meta Event,Lyric,아,FF 05 EC 95 84,00:00:02:15,2460
002:02:088,1,1,Note,B3,102 000 128,90 3B 66,00:00:02:15,2488
002:02:220,1,1,Note,A3,096 000 113,90 39 60,00:00:02:19,2620
002:02:240,1,,Meta Event,Lyric,랑,FF 05 EB 9E 91,00:00:02:19,2640
002:02:337,1,1,Note,G3,080 000 319,90 37 50,00:00:02:22,2737
002:02:360,1,,Meta Event,Lyric,은,FF 05 EC 9D 80,00:00:02:23,2760
002:03:180,1,,Meta Event,Lyric,나,FF 05 EB 82 98,00:00:03:06,3060
002:03:180,1,1,Note,G3,096 000 87,90 37 60,00:00:03:06,3060
002:03:271,1,1,Note,G3,096 000 149,90 37 60,00:00:03:08,3151
002:03:300,1,,Meta Event,Lyric,아,FF 05 EC 95 84,00:00:03:09,3180
002:03:420,1,,Meta Event,Lyric,에,FF 05 EC 97 90,00:00:03:12,3300
002:03:424,1,1,Note,G3,083 000 241,90 37 53,00:00:03:12,3304
002:04:180,1,,Meta Event,Lyric,게,FF 05 EA B2 8C,00:00:03:18,3540
002:04:189,1,1,Note,G3,068 000 272,90 37 44,00:00:03:18,3549
002:04:465,1,1,Note,A3,052 000 224,90 39 34,00:00:04:01,3825
003:01:000,1,,Meta Event,Lyric,특,FF 05 ED 8A B9,00:00:04:01,3840
003:01:213,1,1,Note,G3,089 000 89,90 37 59,00:00:04:07,4053
003:01:240,1,,Meta Event,Lyric,벼,FF 05 EB B2 BC,00:00:04:08,4080
003:01:300,1,,Meta Event,Lyric,얼,FF 05 EC 96 BC,00:00:04:09,4140
003:01:306,1,1,Note,G3,089 000 172,90 37 59,00:00:04:09,4146
003:02:000,1,,Meta Event,Lyric,하,FF 05 ED 95 98,00:00:04:14,4320
003:02:002,1,1,Note,A3,096 000 182,90 39 60,00:00:04:14,4322
003:02:180,1,,Meta Event,Lyric,지,FF 05 EC A7 80,00:00:04:19,4500
003:02:188,1,1,Note,B3,067 000 148,90 3B 43,00:00:04:19,4508
003:02:340,1,1,Note,D3,053 000 116,90 32 35,00:00:04:23,4660
003:02:360,1,,Meta Event,Lyric,마,FF 05 EB A7 88,00:00:04:23,4680
003:02:460,1,1,Note,D3,053 000 284,90 32 35,00:00:05:01,4780
003:03:000,1,,Meta Event,Lyric,안~,FF 05 EC 95 88 7E,00:00:05:02,4800
003:04:360,1,1,Note,C7,105 064 460,90 60 69,00:00:05:24,5640
004:01:344,1,1,Note,Bb3,093 000 218,90 3A 5D,00:00:06:11,6104
004:01:360,1,,Meta Event,Lyric,사^,FF 05 EC 82 AC 5E,00:00:06:12,6120
004:02:060,1,,Meta Event,Lyric,아,FF 05 EC 95 84,00:00:06:16,6300
004:02:086,1,1,Note,B3,105 000 101,90 3B 69,00:00:06:17,6326
004:02:180,1,,Meta Event,Lyric,랑,FF 05 EB 9E 91,00:00:06:20,6420
004:02:191,1,1,Note,A3,097 000 135,90 39 61,00:00:06:20,6431
004:02:300,1,,Meta Event,Lyric,은,FF 05 EC 9D 80,00:00:06:23,6540
004:02:330,1,1,Note,G3,081 000 363,90 37 51,00:00:06:23,6570
004:02:420,1,,Meta Event,Lyric,나,FF 05 EB 82 98,00:00:07:01,6660
004:03:217,1,1,Note,G3,096 000 87,90 37 60,00:00:07:08,6937
004:03:240,1,,Meta Event,Lyric,아,FF 05 EC 95 84,00:00:07:09,6960
004:03:308,1,1,Note,G3,096 000 160,90 37 60,00:00:07:11,7028
004:03:360,1,,Meta Event,Lyric,에,FF 05 EC 97 90,00:00:07:12,7080
004:03:472,1,1,Note,G3,085 000 229,90 37 55,00:00:07:15,7192
004:04:120,1,,Meta Event,Lyric,게,FF 05 EA B2 8C,00:00:07:18,7320
004:04:225,1,1,Note,G3,081 000 227,90 37 51,00:00:07:21,7425
004:04:456,1,1,Note,A3,092 000 75,90 39 5C,00:00:08:02,7656
005:01:000,1,,Meta Event,Lyric,다,FF 05 EB 8B A4,00:00:08:03,7680
005:01:055,1,1,Note,A3,092 000 168,90 39 5C,00:00:08:04,7735
005:01:060,1,,Meta Event,Lyric,아,FF 05 EC 95 84,00:00:08:04,7740
005:01:227,1,1,Note,G3,085 000 76,90 37 55,00:00:08:09,7907
005:01:240,1,,Meta Event,Lyric,가,FF 05 EA B0 80,00:00:08:09,7920
005:01:300,1,,Meta Event,Lyric,아,FF 05 EC 95 84,00:00:08:11,7980
005:01:307,1,1,Note,G3,085 000 130,90 37 55,00:00:08:11,7987
005:01:420,1,,Meta Event,Lyric,오,FF 05 EC 98 A4,00:00:08:14,8100
005:01:441,1,1,Note,A3,078 000 175,90 39 4E,00:00:08:15,8121
005:02:120,1,,Meta Event,Lyric,지,FF 05 EC A7 80,00:00:08:19,8280
005:02:140,1,1,Note,D4,071 000 133,90 3E 47,00:00:08:19,8300
005:02:277,1,1,Note,A3,094 000 194,90 39 5E,00:00:08:23,8437
005:02:300,1,,Meta Event,Lyric,마^,FF 05 EB A7 88 5E,00:00:08:24,8460
005:02:475,1,1,Note,B3,062 000 475,90 3B 3E,00:00:09:03,8635
005:03:000,1,,Meta Event,Lyric,안~,FF 05 EC 95 88 7E,00:00:09:03,8640
006:01:209,1,1,Note,C7,105 064 460,90 60 69,00:00:10:09,9809
006:02:180,1,,Meta Event,Lyric,너,FF 05 EB 84 88,00:00:10:21,10260
006:02:193,1,1,Note,G3,099 000 98,90 37 63,00:00:10:22,10273
006:02:295,1,1,Note,G3,099 000 153,90 37 63,00:00:10:24,10375
006:02:300,1,,Meta Event,Lyric,어,FF 05 EC 96 B4,00:00:10:24,10380
006:02:452,1,1,Note,G3,094 000 94,90 37 5E,00:00:11:03,10532
006:03:000,1,,Meta Event,Lyric,느,FF 05 EB 8A 90,00:00:11:04,10560
006:03:060,1,,Meta Event,Lyric,은,FF 05 EC 9D 80,00:00:11:06,10620
006:03:070,1,1,Note,G3,094 000 148,90 37 5E,00:00:11:06,10630
006:03:222,1,1,Note,A3,099 000 232,90 39 63,00:00:11:10,10782
006:03:240,1,,Meta Event,Lyric,왜,FF 05 EC 99 9C,00:00:11:11,10800
006:03:458,1,1,Note,Bb3,102 000 84,90 3A 66,00:00:11:16,11018
006:04:000,1,,Meta Event,Lyric,나,FF 05 EB 82 98,00:00:11:17,11040
006:04:060,1,,Meta Event,Lyric,아,FF 05 EC 95 84,00:00:11:18,11100
006:04:066,1,1,Note,Bb3,102 000 151,90 3A 66,00:00:11:19,11106
006:04:221,1,1,Note,D4,094 000 185,90 3E 5E,00:00:11:23,11261
006:04:240,1,,Meta Event,Lyric,를,FF 05 EB A5 BC,00:00:11:23,11280
006:04:410,1,1,Note,Bb3,094 000 174,90 3A 5E,00:00:12:03,11450
006:04:420,1,,Meta Event,Lyric,봐^,FF 05 EB B4 90 5E,00:00:12:03,11460
007:01:108,1,1,Note,C4,099 000 203,90 3C 63,00:00:12:07,11628
007:01:120,1,,Meta Event,Lyric,아,FF 05 EC 95 84,00:00:12:08,11640
007:01:300,1,,Meta Event,Lyric,주,FF 05 EC A3 BC,00:00:12:13,11820
007:01:315,1,1,Note,A3,071 000 78,90 39 47,00:00:12:13,11835
007:01:397,1,1,Note,A3,071 000 225,90 39 47,00:00:12:15,11917
007:01:420,1,,Meta Event,Lyric,우,FF 05 EC 9A B0,00:00:12:16,11940
007:02:120,1,,Meta Event,Lyric,지,FF 05 EC A7 80,00:00:12:20,12120
007:02:146,1,1,Note,F3,057 000 75,90 35 39,00:00:12:21,12146
007:02:225,1,1,Note,F3,057 000 269,90 35 39,00:00:12:23,12225
007:02:300,1,,Meta Event,Lyric,이,FF 05 EC 9D B4,00:00:13:00,12300
007:03:045,1,1,Note,C7,105 064 174,90 60 69,00:00:13:06,12525
007:03:223,1,1,Note,F3,084 000 254,90 35 54,00:00:13:11,12703
007:03:240,1,,Meta Event,Lyric,않,FF 05 EC 95 8A,00:00:13:11,12720
007:04:000,1,,Meta Event,Lyric,느,FF 05 EB 8A 90,00:00:13:18,12960
007:04:000,1,1,Note,A3,089 000 101,90 39 59,00:00:13:18,12960
007:04:105,1,1,Note,A3,089 000 119,90 39 59,00:00:13:21,13065
007:04:120,1,,Meta Event,Lyric,은,FF 05 EC 9D 80,00:00:13:21,13080
007:04:228,1,1,Note,Ab3,073 000 215,90 38 49,00:00:13:24,13188
007:04:240,1,,Meta Event,Lyric,지^,FF 05 EC A7 80 5E,00:00:13:24,13200
007:04:420,1,,Meta Event,Lyric,이,FF 05 EC 9D B4,00:00:14:04,13380
007:04:447,1,1,Note,A3,075 000 1334,90 39 4B,00:00:14:05,13407
008:03:370,1,1,Note,C7,105 064 305,90 60 69,00:00:15:16,14770
008:04:180,1,,Meta Event,Lyric,너,FF 05 EB 84 88,00:00:15:23,15060
008:04:199,1,1,Note,G3,089 000 102,90 37 59,00:00:15:24,15079
008:04:300,1,,Meta Event,Lyric,어,FF 05 EC 96 B4,00:00:16:02,15180
008:04:305,1,1,Note,G3,089 000 432,90 37 59,00:00:16:02,15185
009:01:240,1,,Meta Event,Lyric,너,FF 05 EB 84 88,00:00:16:13,15600
009:01:261,1,1,Note,A3,092 000 107,90 39 5C,00:00:16:13,15621
009:01:300,1,,Meta Event,Lyric,어~,FF 05 EC 96 B4 7E,00:00:16:14,15660
009:01:372,1,1,Note,A3,092 000 335,90 39 5C,00:00:16:16,15732
009:02:231,1,1,Note,Bb3,091 000 147,90 3A 5B,00:00:17:00,16071
009:02:240,1,,Meta Event,Lyric,너^,FF 05 EB 84 88 5E,00:00:17:00,16080
009:02:360,1,,Meta Event,Lyric,어,FF 05 EC 96 B4,00:00:17:04,16200
009:02:382,1,1,Note,B3,078 000 532,90 3B 4E,00:00:17:04,16222
010:01:140,1,1,Note,C7,105 064 281,90 60 69,00:00:18:11,17420
010:01:420,1,,Meta Event,Lyric,특,FF 05 ED 8A B9,00:00:18:18,17700
010:01:425,1,1,Note,E3,106 064 149,90 34 6A,00:00:18:18,17705
010:02:098,1,1,Note,Gb3,099 000 195,90 36 63,00:00:18:22,17858
010:02:120,1,,Meta Event,Lyric,별,FF 05 EB B3 84,00:00:18:23,17880
010:02:297,1,1,Note,Gb3,095 000 188,90 36 5F,00:00:19:03,18057
010:02:300,1,,Meta Event,Lyric,하^,FF 05 ED 95 98 5E,00:00:19:03,18060
010:03:000,1,,Meta Event,Lyric,암,FF 05 EC 95 94,00:00:19:08,18240
010:03:009,1,1,Note,G3,092 000 196,90 37 5C,00:00:19:08,18249
010:03:180,1,,Meta Event,Lyric,을,FF 05 EC 9D 84,00:00:19:12,18420
010:03:209,1,1,Note,Gb3,082 000 215,90 36 52,00:00:19:13,18449
010:03:420,1,,Meta Event,Lyric,내,FF 05 EB 82 B4,00:00:19:19,18660
010:03:428,1,1,Note,E3,078 000 96,90 34 4E,00:00:19:19,18668
010:04:048,1,1,Note,E3,078 000 166,90 34 4E,00:00:19:22,18768
010:04:060,1,,Meta Event,Lyric,애,FF 05 EC 95 A0,00:00:19:22,18780
010:04:218,1,1,Note,E3,070 000 98,90 34 46,00:00:20:01,18938
010:04:240,1,,Meta Event,Lyric,게,FF 05 EA B2 8C,00:00:20:02,18960
010:04:300,1,,Meta Event,Lyric,에,FF 05 EC 97 90,00:00:20:03,19020
010:04:320,1,1,Note,E3,070 000 119,90 34 46,00:00:20:04,19040
010:04:420,1,,Meta Event,Lyric,바,FF 05 EB B0 94,00:00:20:06,19140
010:04:443,1,1,Note,D3,075 000 88,90 32 4B,00:00:20:07,19163
011:01:055,1,1,Note,D3,075 000 147,90 32 4B,00:00:20:09,19255
011:01:060,1,,Meta Event,Lyric,아,FF 05 EC 95 84,00:00:20:10,19260
011:01:180,1,,Meta Event,Lyric,라,FF 05 EB 9D BC,00:00:20:13,19380
011:01:206,1,1,Note,C3,062 000 94,90 30 3E,00:00:20:13,19406
011:01:300,1,,Meta Event,Lyric,지,FF 05 EC A7 80,00:00:20:16,19500
011:01:304,1,1,Note,D3,067 000 102,90 32 43,00:00:20:16,19504
011:01:410,1,1,Note,D3,067 000 146,90 32 43,00:00:20:19,19610
011:01:420,1,,Meta Event,Lyric,이,FF 05 EC 9D B4,00:00:20:19,19620
011:02:060,1,,Meta Event,Lyric,느^,FF 05 EB 8A 90 5E,00:00:20:22,19740
011:02:080,1,1,Note,D3,075 000 167,90 32 4B,00:00:20:23,19760
011:02:240,1,,Meta Event,Lyric,은,FF 05 EC 9D 80,00:00:21:02,19920
011:02:251,1,1,Note,E3,066 000 140,90 34 42,00:00:21:02,19931
011:02:395,1,1,Note,E3,068 000 81,90 34 44,00:00:21:06,20075
011:02:420,1,,Meta Event,Lyric,마,FF 05 EB A7 88,00:00:21:07,20100
011:03:000,1,,Meta Event,Lyric,아,FF 05 EC 95 84,00:00:21:08,20160
011:03:000,1,1,Note,E3,068 000 274,90 34 44,00:00:21:08,20160
011:04:360,1,1,Note,C7,105 064 463,90 60 69,00:00:22:06,21000
012:01:347,1,1,Note,E3,073 000 251,90 34 49,00:00:22:18,21467
012:01:360,1,,Meta Event,Lyric,설,FF 05 EC 84 A4,00:00:22:18,21480
012:02:120,1,,Meta Event,Lyric,레,FF 05 EB A0 88,00:00:23:00,21720
012:02:125,1,1,Note,Gb3,092 000 77,90 36 5C,00:00:23:00,21725
012:02:180,1,,Meta Event,Lyric,에,FF 05 EC 97 90,00:00:23:01,21780
012:02:206,1,1,Note,Gb3,092 000 110,90 36 5C,00:00:23:02,21806
012:02:300,1,,Meta Event,Lyric,이^,FF 05 EC 9D B4 5E,00:00:23:04,21900
012:02:320,1,1,Note,Gb3,084 000 162,90 36 54,00:00:23:05,21920
012:03:000,1,,Meta Event,Lyric,이,FF 05 EC 9D B4,00:00:23:09,22080
012:03:006,1,1,Note,G3,080 000 211,90 37 50,00:00:23:09,22086
012:03:221,1,1,Note,Gb3,083 000 90,90 36 53,00:00:23:15,22301
012:03:240,1,,Meta Event,Lyric,므,FF 05 EB AF 80,00:00:23:16,22320
012:03:300,1,,Meta Event,Lyric,을,FF 05 EC 9D 84,00:00:23:17,22380
012:03:315,1,1,Note,Gb3,083 000 132,90 36 53,00:00:23:18,22395
012:03:451,1,1,Note,E3,080 000 77,90 34 50,00:00:23:21,22531
012:04:000,1,,Meta Event,Lyric,내,FF 05 EB 82 B4,00:00:23:22,22560
012:04:052,1,1,Note,E3,080 000 170,90 34 50,00:00:23:23,22612
012:04:060,1,,Meta Event,Lyric,애,FF 05 EC 95 A0,00:00:23:24,22620
012:04:228,1,1,Note,E3,069 000 68,90 34 45,00:00:24:03,22788
012:04:240,1,,Meta Event,Lyric,게,FF 05 EA B2 8C,00:00:24:03,22800
012:04:300,1,,Meta Event,Lyric,에,FF 05 EC 97 90,00:00:24:05,22860
012:04:300,1,1,Note,E3,069 000 136,90 34 45,00:00:24:05,22860
012:04:420,1,,Meta Event,Lyric,바,FF 05 EB B0 94,00:00:24:08,22980
012:04:444,1,1,Note,D3,075 000 83,90 32 4B,00:00:24:09,23004
013:01:051,1,1,Note,D3,075 000 159,90 32 4B,00:00:24:11,23091
013:01:060,1,,Meta Event,Lyric,아,FF 05 EC 95 84,00:00:24:11,23100
013:01:214,1,1,Note,B2,055 000 81,90 2F 37,00:00:24:15,23254
013:01:240,1,,Meta Event,Lyric,라,FF 05 EB 9D BC,00:00:24:16,23280
013:01:299,1,1,Note,D3,070 000 88,90 32 46,00:00:24:18,23339
013:01:300,1,,Meta Event,Lyric,지,FF 05 EC A7 80,00:00:24:18,23340
013:01:391,1,1,Note,D3,070 000 178,90 32 46,00:00:24:20,23431
013:01:420,1,,Meta Event,Lyric,이,FF 05 EC 9D B4,00:00:24:21,23460
013:02:093,1,1,Note,D3,074 000 134,90 32 4A,00:00:25:00,23613
013:02:120,1,,Meta Event,Lyric,느^,FF 05 EB 8A 90 5E,00:00:25:01,23640
013:02:231,1,1,Note,E3,063 000 125,90 34 3F,00:00:25:03,23751
013:02:240,1,,Meta Event,Lyric,은,FF 05 EC 9D 80,00:00:25:04,23760
013:02:360,1,,Meta Event,Lyric,마,FF 05 EB A7 88,00:00:25:07,23880
013:02:360,1,1,Note,E3,071 000 131,90 34 47,00:00:25:07,23880
013:03:045,1,1,Note,C7,105 064 198,90 60 69,00:00:25:11,24045
013:03:209,1,1,Note,E3,089 000 242,90 34 59,00:00:25:16,24209
013:03:240,1,,Meta Event,Lyric,하,FF 05 ED 95 98,00:00:25:16,24240
013:03:455,1,1,Note,Bb3,087 000 155,90 3A 57,00:00:25:22,24455
013:04:000,1,,Meta Event,Lyric,지^,FF 05 EC A7 80 5E,00:00:25:23,24480
013:04:120,1,,Meta Event,Lyric,이,FF 05 EC 9D B4,00:00:26:01,24600
013:04:134,1,1,Note,B3,091 000 104,90 3B 5B,00:00:26:01,24614
013:04:240,1,,Meta Event,Lyric,마,FF 05 EB A7 88,00:00:26:04,24720
013:04:242,1,1,Note,A3,096 000 94,90 39 60,00:00:26:04,24722
013:04:340,1,1,Note,A3,096 000 341,90 39 60,00:00:26:07,24820
013:04:360,1,,Meta Event,Lyric,안,FF 05 EC 95 88,00:00:26:07,24840
014:01:180,1,,Meta Event,Lyric,내,FF 05 EB 82 B4,00:00:26:15,25140
014:01:208,1,1,Note,G3,084 000 88,90 37 54,00:00:26:16,25168
014:01:300,1,,Meta Event,Lyric,애,FF 05 EC 95 A0,00:00:26:18,25260
014:01:300,1,1,Note,G3,084 000 168,90 37 54,00:00:26:18,25260
014:01:472,1,1,Note,E3,075 000 216,90 34 4B,00:00:26:23,25432
014:02:000,1,,Meta Event,Lyric,애,FF 05 EC 95 A0,00:00:26:23,25440
014:02:212,1,1,Note,E3,066 000 75,90 34 42,00:00:27:04,25652
014:02:240,1,,Meta Event,Lyric,게,FF 05 EA B2 8C,00:00:27:05,25680
014:02:291,1,1,Note,E3,066 000 149,90 34 42,00:00:27:06,25731
014:02:300,1,,Meta Event,Lyric,에,FF 05 EC 97 90,00:00:27:06,25740
014:02:474,1,1,Note,C7,105 064 206,90 60 69,00:00:27:11,25914
014:03:180,1,,Meta Event,Lyric,하,FF 05 ED 95 98,00:00:27:16,26100
014:03:204,1,1,Note,E3,087 000 217,90 34 57,00:00:27:16,26124
014:03:420,1,,Meta Event,Lyric,지,FF 05 EC A7 80,00:00:27:22,26340
014:03:431,1,1,Note,B3,097 000 77,90 3B 61,00:00:27:22,26351
014:04:032,1,1,Note,B3,097 000 214,90 3B 61,00:00:28:00,26432
014:04:060,1,,Meta Event,Lyric,이,FF 05 EC 9D B4,00:00:28:00,26460
014:04:240,1,,Meta Event,Lyric,마^,FF 05 EB A7 88 5E,00:00:28:05,26640
014:04:250,1,1,Note,B3,108 000 140,90 3B 6C,00:00:28:05,26650
014:04:394,1,1,Note,C4,101 000 332,90 3C 65,00:00:28:09,26794
014:04:420,1,,Meta Event,Lyric,안,FF 05 EC 95 88,00:00:28:10,26820
015:01:240,1,,Meta Event,Lyric,내^,FF 05 EB 82 B4 5E,00:00:28:18,27120
015:01:250,1,1,Note,Bb3,095 000 113,90 3A 5F,00:00:28:18,27130
015:01:360,1,,Meta Event,Lyric,애,FF 05 EC 95 A0,00:00:28:21,27240
015:01:367,1,1,Note,B3,093 000 140,90 3B 5D,00:00:28:21,27247
015:02:031,1,1,Note,A3,091 000 215,90 39 5B,00:00:29:00,27391
015:02:060,1,,Meta Event,Lyric,애,FF 05 EC 95 A0,00:00:29:01,27420
015:02:240,1,,Meta Event,Lyric,게,FF 05 EA B2 8C,00:00:29:05,27600
015:02:250,1,1,Note,A3,089 000 92,90 39 59,00:00:29:06,27610
015:02:346,1,1,Note,A3,089 000 370,90 39 59,00:00:29:08,27706
015:02:360,1,,Meta Event,Lyric,에,FF 05 EC 97 90,00:00:29:09,27720
015:03:180,1,,Meta Event,Lyric,날,FF 05 EB 82 A0,00:00:29:17,28020
015:03:240,1,1,Note,G3,081 000 259,90 37 51,00:00:29:18,28080
015:04:029,1,1,Note,C7,105 064 238,90 60 69,00:00:30:00,28349
015:04:267,1,1,Note,Ab3,091 000 151,90 38 5B,00:00:30:07,28587
015:04:300,1,,Meta Event,Lyric,보^,FF 05 EB B3 B4 5E,00:00:30:07,28620
015:04:420,1,,Meta Event,Lyric,오,FF 05 EC 98 A4,00:00:30:11,28740
015:04:422,1,1,Note,A3,108 000 293,90 39 6C,00:00:30:11,28742
016:01:239,1,1,Note,G3,087 000 444,90 37 57,00:00:30:19,29039
016:01:240,1,,Meta Event,Lyric,여,FF 05 EC 97 AC,00:00:30:19,29040
016:02:180,1,,Meta Event,Lyric,주^,FF 05 EC A3 BC 5E,00:00:31:05,29460
016:02:207,1,1,Note,Ab3,078 000 239,90 38 4E,00:00:31:05,29487
016:02:420,1,,Meta Event,Lyric,울,FF 05 EC 9A B8,00:00:31:11,29700
016:02:450,1,1,Note,A3,089 000 181,90 39 59,00:00:31:12,29730
016:03:155,1,1,Note,A3,091 000 96,90 39 5B,00:00:31:17,29915
016:03:180,1,,Meta Event,Lyric,쑤,FF 05 EC 91 A4,00:00:31:17,29940
016:03:240,1,,Meta Event,Lyric,우,FF 05 EC 9A B0,00:00:31:19,30000
016:03:255,1,1,Note,A3,091 000 240,90 39 5B,00:00:31:19,30015
016:04:000,1,,Meta Event,Lyric,있,FF 05 EC 9E 88,00:00:32:00,30240
016:04:019,1,1,Note,B3,078 000 246,90 3B 4E,00:00:32:01,30259
016:04:240,1,,Meta Event,Lyric,게^,FF 05 EA B2 8C 5E,00:00:32:07,30480
016:04:269,1,1,Note,G3,085 000 173,90 37 55,00:00:32:07,30509
016:04:420,1,,Meta Event,Lyric,에,FF 05 EC 97 90,00:00:32:11,30660
016:04:446,1,1,Note,Ab3,074 000 997,90 38 4A,00:00:32:12,30686
017:03:095,1,1,Note,C7,105 064 321,90 60 69,00:00:33:16,31775
017:03:420,1,,Meta Event,Lyric,이,FF 05 EC 9D B4,00:00:34:00,32100
017:03:420,1,1,Note,D4,103 000 167,90 3E 67,00:00:34:00,32100
017:04:111,1,1,Note,C4,106 000 201,90 3C 6A,00:00:34:04,32271
017:04:120,1,,Meta Event,Lyric,러,FF 05 EB 9F AC,00:00:34:04,32280
017:04:300,1,,Meta Event,Lyric,케,FF 05 EC BC 80,00:00:34:09,32460
017:04:316,1,1,Note,B3,094 000 77,90 3B 5E,00:00:34:10,32476
017:04:397,1,1,Note,B3,094 000 229,90 3B 5E,00:00:34:12,32557
017:04:420,1,,Meta Event,Lyric,에,FF 05 EC 97 90,00:00:34:12,32580
018:01:180,1,1,Note,C7,105 064 266,90 60 69,00:00:34:19,32820
018:01:453,1,1,Note,B3,105 000 66,90 3B 69,00:00:35:01,33093
018:02:000,1,,Meta Event,Lyric,내,FF 05 EB 82 B4,00:00:35:02,33120
018:02:043,1,1,Note,B3,105 000 160,90 3B 69,00:00:35:03,33163
018:02:060,1,,Meta Event,Lyric,애,FF 05 EC 95 A0,00:00:35:03,33180
018:02:211,1,1,Note,B3,104 000 78,90 3B 68,00:00:35:07,33331
018:02:240,1,,Meta Event,Lyric,게,FF 05 EA B2 8C,00:00:35:08,33360
018:02:293,1,1,Note,B3,104 000 141,90 3B 68,00:00:35:09,33413
018:02:300,1,,Meta Event,Lyric,에,FF 05 EC 97 90,00:00:35:10,33420
018:02:420,1,,Meta Event,Lyric,너,FF 05 EB 84 88,00:00:35:13,33540
018:02:438,1,1,Note,B3,106 000 91,90 3B 6A,00:00:35:13,33558
018:03:053,1,1,Note,B3,106 000 179,90 3B 6A,00:00:35:16,33653
018:03:060,1,,Meta Event,Lyric,어,FF 05 EC 96 B4,00:00:35:16,33660
018:03:236,1,1,Note,A3,100 000 200,90 39 64,00:00:35:21,33836
018:03:240,1,,Meta Event,Lyric,를,FF 05 EB A5 BC,00:00:35:21,33840
018:03:420,1,,Meta Event,Lyric,보,FF 05 EB B3 B4,00:00:36:00,34020
018:03:440,1,1,Note,D4,102 000 64,90 3E 66,00:00:36:01,34040
018:04:000,1,,Meta Event,Lyric,오,FF 05 EC 98 A4,00:00:36:02,34080
018:04:028,1,1,Note,D4,102 000 155,90 3E 66,00:00:36:03,34108
018:04:180,1,,Meta Event,Lyric,여,FF 05 EC 97 AC,00:00:36:07,34260
018:04:187,1,1,Note,C4,102 000 119,90 3C 66,00:00:36:07,34267
018:04:300,1,,Meta Event,Lyric,줘,FF 05 EC A4 98,00:00:36:10,34380
018:04:310,1,1,Note,B3,089 000 83,90 3B 59,00:00:36:10,34390
018:04:397,1,1,Note,B3,089 000 207,90 3B 59,00:00:36:13,34477
018:04:420,1,,Meta Event,Lyric,어,FF 05 EC 96 B4,00:00:36:13,34500
019:01:180,1,1,Note,C7,105 064 219,90 60 69,00:00:36:20,34740
019:01:403,1,1,Note,B3,081 000 131,90 3B 51,00:00:37:00,34963
019:01:420,1,,Meta Event,Lyric,가,FF 05 EA B0 80,00:00:37:01,34980
019:02:058,1,1,Note,B3,106 000 81,90 3B 6A,00:00:37:04,35098
019:02:060,1,,Meta Event,Lyric,까,FF 05 EA B9 8C,00:00:37:04,35100
019:02:120,1,,Meta Event,Lyric,아,FF 05 EC 95 84,00:00:37:06,35160
019:02:143,1,1,Note,B3,106 000 171,90 3B 6A,00:00:37:06,35183
019:02:300,1,,Meta Event,Lyric,이,FF 05 EC 9D B4,00:00:37:10,35340
019:02:318,1,1,Note,B3,093 000 318,90 3B 5D,00:00:37:11,35358
019:03:160,1,1,Note,A3,103 000 86,90 39 67,00:00:37:19,35680
019:03:180,1,,Meta Event,Lyric,다,FF 05 EB 8B A4,00:00:37:20,35700
019:03:240,1,,Meta Event,Lyric,아,FF 05 EC 95 84,00:00:37:22,35760
019:03:250,1,1,Note,A3,103 000 208,90 39 67,00:00:37:22,35770
019:03:462,1,1,Note,D4,111 000 79,90 3E 6F,00:00:38:02,35982
019:04:000,1,,Meta Event,Lyric,가,FF 05 EA B0 80,00:00:38:03,36000
019:04:060,1,,Meta Event,Lyric,아,FF 05 EC 95 84,00:00:38:04,36060
019:04:065,1,1,Note,D4,111 000 122,90 3E 6F,00:00:38:05,36065
019:04:180,1,,Meta Event,Lyric,와,FF 05 EC 99 80,00:00:38:08,36180
019:04:191,1,1,Note,C4,105 000 144,90 3C 69,00:00:38:08,36191
019:04:339,1,1,Note,B3,087 000 92,90 3B 57,00:00:38:12,36339
019:04:360,1,,Meta Event,Lyric,줘,FF 05 EC A4 98,00:00:38:12,36360
019:04:420,1,,Meta Event,Lyric,어,FF 05 EC 96 B4,00:00:38:14,36420
019:04:435,1,1,Note,B3,087 000 190,90 3B 57,00:00:38:14,36435
020:01:160,1,1,Note,C7,105 064 238,90 60 69,00:00:38:20,36640
020:01:404,1,1,Note,B3,103 000 133,90 3B 67,00:00:39:01,36884
020:01:420,1,,Meta Event,Lyric,너,FF 05 EB 84 88,00:00:39:02,36900
020:02:060,1,,Meta Event,Lyric,를,FF 05 EB A5 BC,00:00:39:05,37020
020:02:061,1,1,Note,B3,108 000 228,90 3B 6C,00:00:39:05,37021
020:02:293,1,1,Note,B3,099 000 89,90 3B 63,00:00:39:11,37253
020:02:300,1,,Meta Event,Lyric,내,FF 05 EB 82 B4,00:00:39:11,37260
020:02:360,1,,Meta Event,Lyric,애~,FF 05 EC 95 A0 7E,00:00:39:13,37320
020:02:386,1,1,Note,B3,099 000 270,90 3B 63,00:00:39:14,37346
020:03:180,1,,Meta Event,Lyric,게,FF 05 EA B2 8C,00:00:39:21,37620
020:03:180,1,1,Note,A3,094 000 76,90 39 5E,00:00:39:21,37620
020:03:240,1,,Meta Event,Lyric,에,FF 05 EC 97 90,00:00:39:22,37680
020:03:260,1,1,Note,A3,094 000 176,90 39 5E,00:00:39:23,37700
020:03:420,1,,Meta Event,Lyric,보,FF 05 EB B3 B4,00:00:40:02,37860
020:03:446,1,1,Note,D4,106 000 70,90 3E 6A,00:00:40:03,37886
020:04:040,1,1,Note,D4,106 000 142,90 3E 6A,00:00:40:05,37960
020:04:060,1,,Meta Event,Lyric,오,FF 05 EC 98 A4,00:00:40:05,37980
020:04:180,1,,Meta Event,Lyric,여,FF 05 EC 97 AC,00:00:40:09,38100
020:04:190,1,1,Note,C4,103 000 125,90 3C 67,00:00:40:09,38110
020:04:300,1,,Meta Event,Lyric,줘,FF 05 EC A4 98,00:00:40:12,38220
020:04:323,1,1,Note,B3,087 000 90,90 3B 57,00:00:40:12,38243
020:04:417,1,1,Note,B3,087 000 285,90 3B 57,00:00:40:15,38337
020:04:420,1,,Meta Event,Lyric,어,FF 05 EC 96 B4,00:00:40:15,38340
021:03:120,1,1,Note,C7,105 064 271,90 60 69,00:00:41:20,39480
021:03:395,1,1,Note,D4,106 000 186,90 3E 6A,00:00:42:02,39755
021:03:420,1,,Meta Event,Lyric,사,FF 05 EC 82 AC,00:00:42:03,39780
021:04:105,1,1,Note,C4,109 000 186,90 3C 6D,00:00:42:07,39945
021:04:120,1,,Meta Event,Lyric,랑,FF 05 EB 9E 91,00:00:42:08,39960
021:04:295,1,1,Note,B3,095 000 346,90 3B 5F,00:00:42:12,40135
021:04:300,1,,Meta Event,Lyric,은,FF 05 EC 9D 80,00:00:42:13,40140
022:01:173,1,1,Note,C7,105 064 167,90 60 69,00:00:42:22,40493
022:01:344,1,1,Note,A3,081 000 79,90 39 51,00:00:43:01,40664
022:01:360,1,,Meta Event,Lyric,사,FF 05 EC 82 AC,00:00:43:02,40680
022:01:420,1,,Meta Event,Lyric,아,FF 05 EC 95 84,00:00:43:03,40740
022:01:427,1,1,Note,A3,081 000 213,90 39 51,00:00:43:04,40747
022:02:164,1,1,Note,A3,089 000 80,90 39 59,00:00:43:09,40964
022:02:180,1,,Meta Event,Lyric,뿌,FF 05 EB BF 8C,00:00:43:10,40980
022:02:240,1,,Meta Event,Lyric,운,FF 05 EC 9A B4,00:00:43:11,41040
022:02:248,1,1,Note,A3,089 000 140,90 39 59,00:00:43:12,41048
022:02:392,1,1,Note,A3,088 000 84,90 39 58,00:00:43:15,41192
022:02:420,1,,Meta Event,Lyric,사,FF 05 EC 82 AC,00:00:43:16,41220
022:03:000,1,,Meta Event,Lyric,아,FF 05 EC 95 84,00:00:43:18,41280
022:03:000,1,1,Note,A3,088 000 171,90 39 58,00:00:43:18,41280
022:03:175,1,1,Note,G3,091 000 61,90 37 5B,00:00:43:22,41455
022:03:180,1,,Meta Event,Lyric,뿌,FF 05 EB BF 8C,00:00:43:22,41460
022:03:240,1,1,Note,G3,091 000 194,90 37 5B,00:00:43:24,41520
022:03:300,1,,Meta Event,Lyric,운,FF 05 EC 9A B4,00:00:44:01,41580
022:03:420,1,,Meta Event,Lyric,모,FF 05 EB AA A8,00:00:44:04,41700
022:03:445,1,1,Note,A3,098 000 54,90 39 62,00:00:44:05,41725
022:04:000,1,,Meta Event,Lyric,올,FF 05 EC 98 AC,00:00:44:05,41760
022:04:023,1,1,Note,A3,098 000 147,90 39 62,00:00:44:06,41783
022:04:180,1,,Meta Event,Lyric,래,FF 05 EB 9E 98,00:00:44:10,41940
022:04:180,1,1,Note,G3,098 000 76,90 37 62,00:00:44:10,41940
022:04:240,1,,Meta Event,Lyric,애,FF 05 EC 95 A0,00:00:44:12,42000
022:04:260,1,1,Note,G3,098 000 210,90 37 62,00:00:44:12,42020
023:01:000,1,,Meta Event,Lyric,내,FF 05 EB 82 B4,00:00:44:18,42240
023:01:000,1,1,Note,A3,094 000 49,90 39 5E,00:00:44:18,42240
023:01:053,1,1,Note,A3,094 000 159,90 39 5E,00:00:44:20,42293
023:01:120,1,,Meta Event,Lyric,애,FF 05 EC 95 A0,00:00:44:21,42360
023:01:216,1,1,Note,G3,090 000 75,90 37 5A,00:00:44:24,42456
023:01:240,1,,Meta Event,Lyric,게,FF 05 EA B2 8C,00:00:45:00,42480
023:01:295,1,1,Note,G3,090 000 181,90 37 5A,00:00:45:01,42535
023:01:300,1,,Meta Event,Lyric,에,FF 05 EC 97 90,00:00:45:01,42540
023:02:000,1,,Meta Event,Lyric,다,FF 05 EB 8B A4,00:00:45:06,42720
023:02:006,1,1,Note,A3,098 000 64,90 39 62,00:00:45:06,42726
023:02:060,1,,Meta Event,Lyric,아,FF 05 EC 95 84,00:00:45:07,42780
023:02:074,1,1,Note,A3,098 000 149,90 39 62,00:00:45:08,42794
023:02:227,1,1,Note,B3,097 000 112,90 3B 61,00:00:45:12,42947
023:02:240,1,,Meta Event,Lyric,가,FF 05 EA B0 80,00:00:45:12,42960
023:02:343,1,1,Note,E3,075 000 273,90 34 4B,00:00:45:15,43063
023:02:360,1,,Meta Event,Lyric,와,FF 05 EC 99 80,00:00:45:15,43080
023:03:153,1,1,Note,C7,105 064 243,90 60 69,00:00:45:23,43353
023:03:400,1,1,Note,E3,104 000 158,90 34 68,00:00:46:04,43600
023:03:420,1,,Meta Event,Lyric,너,FF 05 EB 84 88,00:00:46:05,43620
023:04:060,1,,Meta Event,Lyric,와,FF 05 EC 99 80,00:00:46:08,43740
023:04:088,1,1,Note,Gb3,103 000 246,90 36 67,00:00:46:09,43768
023:04:338,1,1,Note,G3,096 000 88,90 37 60,00:00:46:15,44018
023:04:360,1,,Meta Event,Lyric,나,FF 05 EB 82 98,00:00:46:16,44040
023:04:420,1,,Meta Event,Lyric,아,FF 05 EC 95 84,00:00:46:17,44100
023:04:430,1,1,Note,G3,096 000 260,90 37 60,00:00:46:18,44110
024:01:220,1,1,Note,E3,079 000 68,90 34 4F,00:00:47:00,44380
024:01:240,1,,Meta Event,Lyric,느,FF 05 EB 8A 90,00:00:47:00,44400
024:01:292,1,1,Note,E3,079 000 145,90 34 4F,00:00:47:02,44452
024:01:300,1,,Meta Event,Lyric,은,FF 05 EC 9D 80,00:00:47:02,44460
024:01:420,1,,Meta Event,Lyric,머,FF 05 EB A8 B8,00:00:47:05,44580
024:01:447,1,1,Note,G3,089 000 75,90 37 59,00:00:47:06,44607
024:02:046,1,1,Note,G3,089 000 127,90 37 59,00:00:47:08,44686
024:02:060,1,,Meta Event,Lyric,얼,FF 05 EC 96 BC,00:00:47:08,44700
024:02:177,1,1,Note,E3,079 000 73,90 34 4F,00:00:47:11,44817
024:02:180,1,,Meta Event,Lyric,리,FF 05 EB A6 AC,00:00:47:11,44820
024:02:240,1,,Meta Event,Lyric,이,FF 05 EC 9D B4,00:00:47:13,44880
024:02:254,1,1,Note,E3,079 000 185,90 34 4F,00:00:47:13,44894
024:02:420,1,,Meta Event,Lyric,갈,FF 05 EA B0 88,00:00:47:18,45060
024:02:448,1,1,Note,G3,084 000 117,90 37 54,00:00:47:19,45088
024:03:060,1,,Meta Event,Lyric,쑤,FF 05 EC 91 A4,00:00:47:21,45180
024:03:094,1,1,Note,A3,092 000 73,90 39 5C,00:00:47:22,45214
024:03:175,1,1,Note,A3,092 000 232,90 39 5C,00:00:47:24,45295
024:03:180,1,,Meta Event,Lyric,우,FF 05 EC 9A B0,00:00:47:24,45300
024:03:416,1,1,Note,B3,090 000 166,90 3B 5A,00:00:48:05,45536
024:03:420,1,,Meta Event,Lyric,있,FF 05 EC 9E 88,00:00:48:06,45540
024:04:105,1,1,Note,B3,094 000 298,90 3B 5E,00:00:48:10,45705
024:04:120,1,,Meta Event,Lyric,써^,FF 05 EC 8D A8 5E,00:00:48:10,45720
024:04:412,1,1,Note,C4,107 000 232,90 3C 6B,00:00:48:18,46012
024:04:420,1,,Meta Event,Lyric,어,FF 05 EC 96 B4,00:00:48:18,46020
025:01:167,1,1,Note,B3,084 000 1045,90 3B 54,00:00:48:24,46247
025:01:180,1,,Meta Event,Lyric,어,FF 05 EC 96 B4,00:00:49:00,46260
025:04:052,1,1,Note,C7,105 064 407,90 60 69,00:00:50:09,47572
025:04:468,1,1,Note,D3,088 000 108,90 32 58,00:00:50:20,47988
026:01:000,1,,Meta Event,Lyric,우^,FF 05 EC 9A B0 5E,00:00:50:21,48000
026:01:100,1,1,Note,E3,095 000 264,90 34 5F,00:00:50:23,48100
026:01:120,1,,Meta Event,Lyric,우,FF 05 EC 9A B0,00:00:50:24,48120
026:01:360,1,,Meta Event,Lyric,리,FF 05 EB A6 AC,00:00:51:05,48360
026:01:368,1,1,Note,Gb3,094 000 88,90 36 5E,00:00:51:05,48368
026:01:465,1,1,Note,Gb3,094 000 229,90 36 5E,00:00:51:08,48465
026:02:000,1,,Meta Event,Lyric,이,FF 05 EC 9D B4,00:00:51:08,48480
026:02:223,1,1,Note,G3,104 000 188,90 37 68,00:00:51:14,48703
026:02:240,1,,Meta Event,Lyric,의,FF 05 EC 9D 98,00:00:51:15,48720
026:02:419,1,,Meta Event,Lyric,마,FF 05 EB A7 88,00:00:51:19,48899
026:02:419,1,1,Note,Gb3,092 000 93,90 36 5C,00:00:51:19,48899
026:03:041,1,1,Note,Gb3,092 000 308,90 36 5C,00:00:51:22,49001
026:03:060,1,,Meta Event,Lyric,안,FF 05 EC 95 88,00:00:51:23,49020
026:03:352,1,1,Note,G3,095 000 84,90 37 5F,00:00:52:05,49312
026:03:360,1,,Meta Event,Lyric,나,FF 05 EB 82 98,00:00:52:06,49320
026:03:420,1,,Meta Event,Lyric,아,FF 05 EC 95 84,00:00:52:07,49380
026:03:445,1,1,Note,G3,095 000 249,90 37 5F,00:00:52:08,49405
026:04:221,1,1,Note,A3,079 000 75,90 39 4F,00:00:52:15,49661
026:04:240,1,,Meta Event,Lyric,므,FF 05 EB AF 80,00:00:52:15,49680
026:04:300,1,,Meta Event,Lyric,은,FF 05 EC 9D 80,00:00:52:17,49740
026:04:305,1,1,Note,A3,079 000 158,90 39 4F,00:00:52:17,49745
026:04:465,1,1,Note,G3,069 000 106,90 37 45,00:00:52:21,49905
027:01:000,1,,Meta Event,Lyric,트,FF 05 ED 8A B8,00:00:52:22,49920
027:01:100,1,1,Note,G3,069 000 196,90 37 45,00:00:52:24,50020
027:01:120,1,,Meta Event,Lyric,윽,FF 05 EC 9C BD,00:00:53:00,50040
027:01:299,1,1,Note,Gb3,088 000 169,90 36 58,00:00:53:04,50219
027:01:300,1,,Meta Event,Lyric,벼^,FF 05 EB B2 BC 5E,00:00:53:04,50220
027:01:475,1,1,Note,G3,090 000 213,90 37 5A,00:00:53:09,50395
027:02:000,1,,Meta Event,Lyric,얼,FF 05 EC 96 BC,00:00:53:09,50400
027:02:215,1,1,Note,E3,069 000 77,90 34 45,00:00:53:15,50615
027:02:240,1,,Meta Event,Lyric,해,FF 05 ED 95 B4,00:00:53:16,50640
027:02:300,1,,Meta Event,Lyric,애,FF 05 EC 95 A0,00:00:53:17,50700
027:02:300,1,1,Note,E3,069 000 322,90 34 45,00:00:53:17,50700
027:03:435,1,1,Note,C7,105 064 449,90 60 69,00:00:54:08,51315
027:04:409,1,1,Note,D3,093 000 187,90 32 5D,00:00:54:21,51769
027:04:420,1,,Meta Event,Lyric,우^,FF 05 EC 9A B0 5E,00:00:54:21,51780
028:01:120,1,1,Note,E3,094 000 236,90 34 5E,00:00:55:01,51960
028:01:180,1,,Meta Event,Lyric,우,FF 05 EC 9A B0,00:00:55:02,52020
028:01:360,1,,Meta Event,Lyric,리,FF 05 EB A6 AC,00:00:55:07,52200
028:01:360,1,1,Note,Gb3,093 000 65,90 36 5D,00:00:55:07,52200
028:01:420,1,,Meta Event,Lyric,이~,FF 05 EC 9D B4 7E,00:00:55:09,52260
028:01:434,1,1,Note,Gb3,093 000 252,90 36 5D,00:00:55:09,52274
028:02:180,1,,Meta Event,Lyric,의,FF 05 EC 9D 98,00:00:55:15,52500
028:02:215,1,1,Note,G3,097 000 209,90 37 61,00:00:55:16,52535
028:02:420,1,,Meta Event,Lyric,마,FF 05 EB A7 88,00:00:55:21,52740
028:02:426,1,1,Note,Gb3,085 000 79,90 36 55,00:00:55:21,52746
028:03:000,1,,Meta Event,Lyric,안,FF 05 EC 95 88,00:00:55:23,52800
028:03:033,1,1,Note,Gb3,085 000 316,90 36 55,00:00:55:24,52833
028:03:358,1,1,Note,G3,087 000 65,90 37 57,00:00:56:07,53158
028:03:360,1,,Meta Event,Lyric,나,FF 05 EB 82 98,00:00:56:07,53160
028:03:420,1,,Meta Event,Lyric,아,FF 05 EC 95 84,00:00:56:09,53220
028:03:432,1,1,Note,G3,087 000 193,90 37 57,00:00:56:09,53232
028:04:120,1,,Meta Event,Lyric,므,FF 05 EB AF 80,00:00:56:14,53400
028:04:154,1,1,Note,A3,079 000 82,90 39 4F,00:00:56:15,53434
028:04:240,1,,Meta Event,Lyric,은,FF 05 EC 9D 80,00:00:56:17,53520
028:04:245,1,1,Note,A3,079 000 164,90 39 4F,00:00:56:17,53525
028:04:413,1,1,Note,Gb3,083 000 142,90 36 53,00:00:56:21,53693
028:04:420,1,,Meta Event,Lyric,사^,FF 05 EC 82 AC 5E,00:00:56:22,53700
029:01:060,1,,Meta Event,Lyric,아,FF 05 EC 95 84,00:00:57:00,53820
029:01:084,1,1,Note,G3,084 000 212,90 37 54,00:00:57:00,53844
029:01:300,1,,Meta Event,Lyric,라^,FF 05 EB 9D BC 5E,00:00:57:06,54060
029:01:301,1,1,Note,Gb3,083 000 128,90 36 53,00:00:57:06,54061
029:01:420,1,,Meta Event,Lyric,앙,FF 05 EC 95 99,00:00:57:09,54180
029:01:435,1,1,Note,G3,078 000 209,90 37 4E,00:00:57:10,54195
029:02:167,1,1,Note,E3,056 000 77,90 34 38,00:00:57:15,54407
029:02:180,1,,Meta Event,Lyric,해,FF 05 ED 95 B4,00:00:57:16,54420
029:02:240,1,,Meta Event,Lyric,애,FF 05 EC 95 A0,00:00:57:17,54480
029:02:253,1,1,Note,E3,056 000 238,90 34 38,00:00:57:18,54493
029:03:100,1,1,Note,C7,105 064 325,90 60 69,00:00:58:01,54820
029:03:420,1,,Meta Event,Lyric,나,FF 05 EB 82 98,00:00:58:10,55140
029:03:428,1,1,Note,B3,100 000 168,90 3B 64,00:00:58:10,55148
029:04:120,1,,Meta Event,Lyric,느,FF 05 EB 8A 90,00:00:58:15,55320
029:04:120,1,1,Note,A3,096 000 87,90 39 60,00:00:58:15,55320
029:04:215,1,1,Note,A3,096 000 161,90 39 60,00:00:58:17,55415
029:04:240,1,,Meta Event,Lyric,은,FF 05 EC 9D 80,00:00:58:18,55440
029:04:360,1,,Meta Event,Lyric,왜,FF 05 EC 99 9C,00:00:58:21,55560
029:04:381,1,1,Note,E3,070 000 531,90 34 46,00:00:58:21,55581
030:02:453,1,1,Note,C7,105 064 405,90 60 69,00:00:59:24,56613
030:03:360,1,,Meta Event,Lyric,나,FF 05 EB 82 98,00:01:00:09,57000
030:03:381,1,1,Note,B3,102 000 169,90 3B 66,00:01:00:10,57021
030:04:060,1,,Meta Event,Lyric,느,FF 05 EB 8A 90,00:01:00:14,57180
030:04:071,1,1,Note,A3,096 000 101,90 39 60,00:01:00:14,57191
030:04:173,1,1,Note,A3,096 000 179,90 39 60,00:01:00:17,57293
030:04:180,1,,Meta Event,Lyric,은,FF 05 EC 9D 80,00:01:00:17,57300
030:04:360,1,,Meta Event,Lyric,왜^,FF 05 EC 99 9C 5E,00:01:00:22,57480
030:04:364,1,1,Note,Ab3,104 000 223,90 38 68,00:01:00:22,57484
031:01:112,1,1,Note,A3,087 000 645,90 39 57,00:01:01:03,57712
031:01:120,1,,Meta Event,Lyric,애,FF 05 EC 95 A0,00:01:01:03,57720
031:03:449,1,1,Note,C7,105 064 403,90 60 69,00:01:02:12,59009
031:04:360,1,,Meta Event,Lyric,우^,FF 05 EC 9A B0 5E,00:01:02:23,59400
031:04:378,1,1,Note,Bb3,103 000 193,90 3A 67,00:01:02:23,59418
032:01:098,1,1,Note,B3,109 000 223,90 3B 6D,00:01:03:03,59618
032:01:120,1,,Meta Event,Lyric,우,FF 05 EC 9A B0,00:01:03:04,59640
032:01:300,1,,Meta Event,Lyric,리,FF 05 EB A6 AC,00:01:03:09,59820
032:01:330,1,1,Note,C4,095 000 78,90 3C 5F,00:01:03:10,59850
032:01:409,1,1,Note,C4,095 000 250,90 3C 5F,00:01:03:12,59929
032:01:420,1,,Meta Event,Lyric,인,FF 05 EC 9D B8,00:01:03:12,59940
032:02:180,1,,Meta Event,Lyric,다,FF 05 EB 8B A4,00:01:03:18,60180
032:02:185,1,1,Note,B3,105 000 75,90 3B 69,00:01:03:18,60185
032:02:240,1,,Meta Event,Lyric,아,FF 05 EC 95 84,00:01:03:20,60240
032:02:261,1,1,Note,B3,105 000 164,90 3B 69,00:01:03:20,60261
032:02:420,1,,Meta Event,Lyric,가,FF 05 EA B0 80,00:01:04:00,60420
032:02:429,1,1,Note,A3,101 000 60,90 39 65,00:01:04:00,60429
032:03:000,1,,Meta Event,Lyric,알,FF 05 EC 95 8C,00:01:04:01,60480
032:03:010,1,1,Note,A3,101 000 205,90 39 65,00:01:04:01,60490
032:03:220,1,1,Note,G3,081 000 70,90 37 51,00:01:04:07,60700
032:03:240,1,,Meta Event,Lyric,쑤,FF 05 EC 91 A4,00:01:04:08,60720
032:03:291,1,1,Note,G3,081 000 395,90 37 51,00:01:04:09,60771
032:03:300,1,,Meta Event,Lyric,우,FF 05 EC 9A B0,00:01:04:09,60780
032:04:180,1,,Meta Event,Lyric,이^,FF 05 EC 9D B4 5E,00:01:04:19,61140
032:04:207,1,1,Note,G3,088 000 116,90 37 58,00:01:04:19,61167
032:04:300,1,,Meta Event,Lyric,있,FF 05 EC 9E 88,00:01:04:22,61260
032:04:327,1,1,Note,A3,089 000 179,90 39 59,00:01:04:23,61287
033:01:000,1,,Meta Event,Lyric,나^,FF 05 EB 82 98 5E,00:01:05:02,61440
033:01:029,1,1,Note,Ab3,100 000 153,90 38 64,00:01:05:02,61469
033:01:180,1,,Meta Event,Lyric,아,FF 05 EC 95 84,00:01:05:06,61620
033:01:188,1,1,Note,A3,088 000 1025,90 39 58,00:01:05:07,61628
033:04:005,1,1,Note,C7,105 064 396,90 60 69,00:01:06:15,62885
033:04:402,1,1,Note,A3,101 000 205,90 39 65,00:01:07:00,63282
033:04:420,1,,Meta Event,Lyric,왜^,FF 05 EC 99 9C 5E,00:01:07:01,63300
034:01:120,1,,Meta Event,Lyric,애,FF 05 EC 95 A0,00:01:07:06,63480
034:01:133,1,1,Note,B3,086 000 320,90 3B 56,00:01:07:06,63493
034:01:464,1,1,Note,A3,110 000 151,90 39 6E,00:01:07:15,63824
034:02:000,1,,Meta Event,Lyric,또^,FF 05 EB 98 90 5E,00:01:07:15,63840
034:02:120,1,,Meta Event,Lyric,오,FF 05 EC 98 A4,00:01:07:18,63960
034:02:140,1,1,Note,B3,099 000 316,90 3B 63,00:01:07:19,63980
034:02:457,1,1,Note,A3,107 000 133,90 39 6B,00:01:08:02,64297
034:03:000,1,,Meta Event,Lyric,너^,FF 05 EB 84 88 5E,00:01:08:03,64320
034:03:113,1,1,Note,B3,111 000 135,90 3B 6F,00:01:08:06,64433
034:03:120,1,,Meta Event,Lyric,어,FF 05 EC 96 B4,00:01:08:06,64440
034:03:240,1,,Meta Event,Lyric,는,FF 05 EB 8A 94,00:01:08:09,64560
034:03:252,1,1,Note,A3,101 000 229,90 39 65,00:01:08:10,64572
034:04:000,1,,Meta Event,Lyric,내,FF 05 EB 82 B4,00:01:08:16,64800
034:04:006,1,1,Note,G3,104 000 95,90 37 68,00:01:08:16,64806
034:04:102,1,1,Note,G3,104 000 160,90 37 68,00:01:08:18,64902
034:04:120,1,,Meta Event,Lyric,애,FF 05 EC 95 A0,00:01:08:19,64920
034:04:240,1,,Meta Event,Lyric,게^,FF 05 EA B2 8C 5E,00:01:08:22,65040
034:04:265,1,1,Note,Ab3,097 000 139,90 38 61,00:01:08:23,65065
034:04:406,1,1,Note,A3,084 000 211,90 39 54,00:01:09:01,65206
034:04:420,1,,Meta Event,Lyric,에,FF 05 EC 97 90,00:01:09:02,65220
035:01:146,1,1,Note,C7,105 064 128,90 60 69,00:01:09:07,65426
035:01:275,1,1,Note,A3,110 000 245,90 39 6E,00:01:09:11,65555
035:01:300,1,,Meta Event,Lyric,왜,FF 05 EC 99 9C,00:01:09:11,65580
035:02:045,1,1,Note,A3,104 000 214,90 39 68,00:01:09:17,65805
035:02:060,1,,Meta Event,Lyric,이,FF 05 EC 9D B4,00:01:09:18,65820
035:02:240,1,,Meta Event,Lyric,리,FF 05 EB A6 AC,00:01:09:22,66000
035:02:266,1,1,Note,G3,096 000 90,90 37 60,00:01:09:23,66026
035:02:357,1,1,Note,G3,096 000 157,90 37 60,00:01:10:00,66117
035:02:360,1,,Meta Event,Lyric,이,FF 05 EC 9D B4,00:01:10:01,66120
035:03:035,1,1,Note,A3,100 000 201,90 39 64,00:01:10:05,66275
035:03:060,1,,Meta Event,Lyric,달,FF 05 EB 8B AC,00:01:10:05,66300
035:03:240,1,,Meta Event,Lyric,코^,FF 05 EC BD 94 5E,00:01:10:10,66480
035:03:240,1,1,Note,Bb3,101 000 144,90 3A 65,00:01:10:10,66480
035:03:360,1,,Meta Event,Lyric,옴,FF 05 EC 98 B4,00:01:10:13,66600
035:03:385,1,1,Note,B3,100 000 111,90 3B 64,00:01:10:14,66625
035:04:000,1,,Meta Event,Lyric,해,FF 05 ED 95 B4,00:01:10:16,66720
035:04:021,1,1,Note,E3,074 000 69,90 34 4A,00:01:10:17,66741
035:04:091,1,1,Note,E3,074 000 184,90 34 4A,00:01:10:19,66811
035:04:180,1,,Meta Event,Lyric,애,FF 05 EC 95 A0,00:01:10:21,66900
035:04:298,1,1,Note,C7,105 064 186,90 60 69,00:01:10:24,67018
036:01:000,1,,Meta Event,Lyric,왜^,FF 05 EC 99 9C 5E,00:01:11:04,67200
036:01:005,1,1,Note,A3,108 000 142,90 39 6C,00:01:11:04,67205
036:01:154,1,1,Note,B3,098 000 192,90 3B 62,00:01:11:08,67354
036:01:180,1,,Meta Event,Lyric,애,FF 05 EC 95 A0,00:01:11:09,67380
036:01:364,1,1,Note,C7,105 064 120,90 60 69,00:01:11:14,67564
036:02:005,1,1,Note,A3,108 000 131,90 39 6C,00:01:11:17,67685
036:02:060,1,,Meta Event,Lyric,또^,FF 05 EB 98 90 5E,00:01:11:18,67740
036:02:139,1,1,Note,B3,104 000 196,90 3B 68,00:01:11:21,67819
036:02:180,1,,Meta Event,Lyric,오,FF 05 EC 98 A4,00:01:11:22,67860
036:02:351,1,1,Note,C7,105 064 116,90 60 69,00:01:12:01,68031
036:02:470,1,1,Note,A3,109 000 98,90 39 6D,00:01:12:04,68150
036:03:060,1,,Meta Event,Lyric,너^,FF 05 EB 84 88 5E,00:01:12:06,68220
036:03:089,1,1,Note,B3,114 000 116,90 3B 72,00:01:12:07,68249
036:03:180,1,,Meta Event,Lyric,어,FF 05 EC 96 B4,00:01:12:09,68340
036:03:209,1,1,Note,A3,105 000 256,90 39 69,00:01:12:10,68369
036:03:300,1,,Meta Event,Lyric,는,FF 05 EB 8A 94,00:01:12:13,68460
036:03:472,1,1,Note,G3,105 000 91,90 37 69,00:01:12:17,68632
036:04:000,1,,Meta Event,Lyric,내,FF 05 EB 82 B4,00:01:12:17,68640
036:04:060,1,,Meta Event,Lyric,애,FF 05 EC 95 A0,00:01:12:19,68700
036:04:084,1,1,Note,G3,105 000 159,90 37 69,00:01:12:20,68724
036:04:251,1,1,Note,G3,098 000 147,90 37 62,00:01:12:24,68891
036:04:300,1,,Meta Event,Lyric,게^,FF 05 EA B2 8C 5E,00:01:13:00,68940
036:04:403,1,1,Note,A3,083 000 152,90 39 53,00:01:13:03,69043
037:01:000,1,,Meta Event,Lyric,에,FF 05 EC 97 90,00:01:13:05,69120
037:01:094,1,1,Note,C7,105 064 152,90 60 69,00:01:13:07,69214
037:01:240,1,,Meta Event,Lyric,왜,FF 05 EC 99 9C,00:01:13:11,69360
037:01:251,1,1,Note,A3,113 000 228,90 39 71,00:01:13:12,69371
037:01:479,1,,Meta Event,Lyric,이,FF 05 EC 9D B4,00:01:13:18,69599
037:02:005,1,1,Note,A3,105 000 230,90 39 69,00:01:13:18,69605
037:02:240,1,,Meta Event,Lyric,리,FF 05 EB A6 AC,00:01:13:24,69840
037:02:246,1,1,Note,G3,092 000 73,90 37 5C,00:01:13:24,69846
037:02:300,1,,Meta Event,Lyric,이,FF 05 EC 9D B4,00:01:14:01,69900
037:02:320,1,1,Note,G3,092 000 86,90 37 5C,00:01:14:01,69920
037:02:414,1,1,Note,A3,102 000 90,90 39 66,00:01:14:04,70014
037:02:420,1,,Meta Event,Lyric,사,FF 05 EC 82 AC,00:01:14:04,70020
037:03:000,1,,Meta Event,Lyric,아,FF 05 EC 95 84,00:01:14:05,70080
037:03:025,1,1,Note,A3,102 000 211,90 39 66,00:01:14:06,70105
037:03:237,1,1,Note,D4,107 000 83,90 3E 6B,00:01:14:12,70317
037:03:240,1,,Meta Event,Lyric,라,FF 05 EB 9D BC,00:01:14:12,70320
037:03:300,1,,Meta Event,Lyric,앙,FF 05 EC 95 99,00:01:14:13,70380
037:03:321,1,1,Note,D4,107 000 138,90 3E 6B,00:01:14:14,70401
037:03:468,1,1,Note,A3,105 000 158,90 39 69,00:01:14:18,70548
037:04:000,1,,Meta Event,Lyric,해^,FF 05 ED 95 B4 5E,00:01:14:18,70560
037:04:157,1,1,Note,B3,086 000 173,90 3B 56,00:01:14:22,70717
037:04:180,1,,Meta Event,Lyric,애,FF 05 EC 95 A0,00:01:14:23,70740
037:04:355,1,1,Note,C7,105 064 121,90 60 69,00:01:15:03,70915
037:04:477,1,1,Note,A3,109 000 135,90 39 6D,00:01:15:06,71037
038:01:000,1,,Meta Event,Lyric,왜^,FF 05 EC 99 9C 5E,00:01:15:06,71040
038:01:139,1,1,Note,B3,100 000 200,90 3B 64,00:01:15:10,71179
038:01:180,1,,Meta Event,Lyric,애,FF 05 EC 95 A0,00:01:15:11,71220
038:01:354,1,1,Note,C7,105 064 133,90 60 69,00:01:15:15,71394
038:02:008,1,1,Note,A3,110 000 152,90 39 6E,00:01:15:19,71528
038:02:060,1,,Meta Event,Lyric,또^,FF 05 EB 98 90 5E,00:01:15:20,71580
038:02:166,1,1,Note,B3,106 000 186,90 3B 6A,00:01:15:23,71686
038:02:180,1,,Meta Event,Lyric,오,FF 05 EC 98 A4,00:01:15:23,71700
038:02:371,1,1,Note,C7,105 064 113,90 60 69,00:01:16:03,71891
038:03:005,1,1,Note,A3,108 000 129,90 39 6C,00:01:16:06,72005
038:03:060,1,,Meta Event,Lyric,너^,FF 05 EB 84 88 5E,00:01:16:08,72060
038:03:144,1,1,Note,B3,111 000 110,90 3B 6F,00:01:16:10,72144
038:03:180,1,,Meta Event,Lyric,어,FF 05 EC 96 B4,00:01:16:11,72180
038:03:262,1,1,Note,A3,101 000 218,90 39 65,00:01:16:13,72262
038:03:300,1,,Meta Event,Lyric,는,FF 05 EB 8A 94,00:01:16:14,72300
038:04:000,1,,Meta Event,Lyric,내,FF 05 EB 82 B4,00:01:16:19,72480
038:04:010,1,1,Note,G3,099 000 73,90 37 63,00:01:16:19,72490
038:04:060,1,,Meta Event,Lyric,애,FF 05 EC 95 A0,00:01:16:21,72540
038:04:084,1,1,Note,G3,099 000 154,90 37 63,00:01:16:21,72564
038:04:244,1,1,Note,G3,098 000 119,90 37 62,00:01:17:00,72724
038:04:300,1,,Meta Event,Lyric,게^,FF 05 EA B2 8C 5E,00:01:17:02,72780
038:04:371,1,1,Note,A3,090 000 172,90 39 5A,00:01:17:04,72851
039:01:000,1,,Meta Event,Lyric,에,FF 05 EC 97 90,00:01:17:07,72960
039:01:087,1,1,Note,C7,105 064 141,90 60 69,00:01:17:09,73047
039:01:229,1,1,Note,A3,105 000 251,90 39 69,00:01:17:13,73189
039:01:240,1,,Meta Event,Lyric,왜,FF 05 EC 99 9C,00:01:17:13,73200
039:02:000,1,,Meta Event,Lyric,이,FF 05 EC 9D B4,00:01:17:19,73440
039:02:008,1,1,Note,A3,104 000 247,90 39 68,00:01:17:20,73448
039:02:180,1,,Meta Event,Lyric,리,FF 05 EB A6 AC,00:01:17:24,73620
039:02:256,1,1,Note,G3,091 000 80,90 37 5B,00:01:18:01,73696
039:02:337,1,1,Note,G3,091 000 132,90 37 5B,00:01:18:03,73777
039:02:360,1,,Meta Event,Lyric,이,FF 05 EC 9D B4,00:01:18:04,73800
039:02:476,1,1,Note,A3,095 000 204,90 39 5F,00:01:18:07,73916
039:03:000,1,,Meta Event,Lyric,달,FF 05 EB 8B AC,00:01:18:07,73920
039:03:180,1,,Meta Event,Lyric,코^,FF 05 EC BD 94 5E,00:01:18:12,74100
039:03:205,1,1,Note,A3,093 000 163,90 39 5D,00:01:18:13,74125
039:03:300,1,,Meta Event,Lyric,옴,FF 05 EC 98 B4,00:01:18:15,74220
039:03:373,1,1,Note,B3,093 000 116,90 3B 5D,00:01:18:17,74293
039:03:420,1,,Meta Event,Lyric,해,FF 05 ED 95 B4,00:01:18:18,74340
039:04:010,1,1,Note,E3,069 000 54,90 34 45,00:01:18:20,74410
039:04:060,1,,Meta Event,Lyric,애,FF 05 EC 95 A0,00:01:18:21,74460
039:04:065,1,1,Note,E3,069 000 168,90 34 45,00:01:18:22,74465
039:04:252,1,1,Note,C7,105 064 187,90 60 69,00:01:19:02,74652
039:04:420,1,,Meta Event,Lyric,왜^,FF 05 EC 99 9C 5E,00:01:19:06,74820
039:04:440,1,1,Note,A3,106 000 160,90 39 6A,00:01:19:06,74840
040:01:120,1,,Meta Event,Lyric,애,FF 05 EC 95 A0,00:01:19:11,75000
040:01:129,1,1,Note,B3,103 000 177,90 3B 67,00:01:19:11,75009
040:01:320,1,1,Note,C7,105 064 140,90 60 69,00:01:19:16,75200
040:01:467,1,1,Note,A3,119 000 150,90 39 77,00:01:19:20,75347
040:02:000,1,,Meta Event,Lyric,또^,FF 05 EB 98 90 5E,00:01:19:20,75360
040:02:120,1,,Meta Event,Lyric,오,FF 05 EC 98 A4,00:01:19:23,75480
040:02:148,1,1,Note,B3,106 000 212,90 3B 6A,00:01:19:24,75508
040:02:374,1,1,Note,C7,105 064 102,90 60 69,00:01:20:05,75734
040:02:477,1,1,Note,A3,108 000 110,90 39 6C,00:01:20:08,75837
040:03:000,1,,Meta Event,Lyric,너^,FF 05 EB 84 88 5E,00:01:20:08,75840
040:03:116,1,1,Note,B3,109 000 134,90 3B 6D,00:01:20:11,75956
040:03:120,1,,Meta Event,Lyric,어,FF 05 EC 96 B4,00:01:20:11,75960
040:03:240,1,,Meta Event,Lyric,는,FF 05 EB 8A 94,00:01:20:14,76080
040:03:260,1,1,Note,A3,100 000 144,90 39 64,00:01:20:15,76100
040:03:413,1,1,Note,G3,102 000 83,90 37 66,00:01:20:19,76253
040:03:420,1,,Meta Event,Lyric,내,FF 05 EB 82 B4,00:01:20:19,76260
040:04:000,1,,Meta Event,Lyric,애,FF 05 EC 95 A0,00:01:20:21,76320
040:04:017,1,1,Note,G3,102 000 226,90 37 66,00:01:20:21,76337
040:04:240,1,,Meta Event,Lyric,게^,FF 05 EA B2 8C 5E,00:01:21:02,76560
040:04:254,1,1,Note,Ab3,106 000 125,90 38 6A,00:01:21:02,76574
040:04:388,1,1,Note,A3,081 000 447,90 39 51,00:01:21:06,76708
040:04:420,1,,Meta Event,Lyric,에,FF 05 EC 97 90,00:01:21:07,76740
041:04:005,1,1,Note,C7,105 064 351,90 60 69,00:01:22:22,78245
041:04:360,1,,Meta Event,Lyric,왜^,FF 05 EC 99 9C 5E,00:01:23:06,78600
041:04:360,1,1,Note,A3,102 000 287,90 39 66,00:01:23:06,78600
042:01:177,1,1,Note,B3,093 000 279,90 3B 5D,00:01:23:14,78897
042:01:180,1,,Meta Event,Lyric,애,FF 05 EC 95 A0,00:01:23:14,78900
042:01:467,1,1,Note,A3,120 000 170,90 39 78,00:01:23:22,79187
042:02:060,1,,Meta Event,Lyric,또^,FF 05 EB 98 90 5E,00:01:23:24,79260
042:02:168,1,1,Note,B3,103 000 280,90 3B 67,00:01:24:01,79368
042:02:180,1,,Meta Event,Lyric,오,FF 05 EC 98 A4,00:01:24:02,79380
042:02:420,1,,Meta Event,Lyric,너^,FF 05 EB 84 88 5E,00:01:24:08,79620
042:02:453,1,1,Note,A3,106 000 168,90 39 6A,00:01:24:09,79653
042:03:060,1,,Meta Event,Lyric,어,FF 05 EC 96 B4,00:01:24:11,79740
042:03:144,1,1,Note,B3,108 000 110,90 3B 6C,00:01:24:13,79824
042:03:180,1,,Meta Event,Lyric,는,FF 05 EB 8A 94,00:01:24:14,79860
042:03:265,1,1,Note,A3,103 000 203,90 39 67,00:01:24:17,79945
042:03:420,1,,Meta Event,Lyric,내,FF 05 EB 82 B4,00:01:24:21,80100
042:04:000,1,1,Note,G3,105 000 73,90 37 69,00:01:24:22,80160
042:04:060,1,,Meta Event,Lyric,애,FF 05 EC 95 A0,00:01:24:24,80220
042:04:074,1,1,Note,G3,105 000 166,90 37 69,00:01:24:24,80234
042:04:180,1,,Meta Event,Lyric,게^,FF 05 EA B2 8C 5E,00:01:25:02,80340
042:04:249,1,1,Note,Ab3,096 000 135,90 38 60,00:01:25:04,80409
042:04:360,1,,Meta Event,Lyric,에,FF 05 EC 97 90,00:01:25:07,80520
042:04:394,1,1,Note,A3,093 000 161,90 39 5D,00:01:25:08,80554
043:01:098,1,1,Note,C7,105 064 138,90 60 69,00:01:25:13,80738
043:01:240,1,,Meta Event,Lyric,왜,FF 05 EC 99 9C,00:01:25:16,80880
043:01:243,1,1,Note,A3,108 000 247,90 39 6C,00:01:25:17,80883
043:02:000,1,,Meta Event,Lyric,이,FF 05 EC 9D B4,00:01:25:23,81120
043:02:019,1,1,Note,A3,103 000 227,90 39 67,00:01:25:23,81139
043:02:240,1,,Meta Event,Lyric,리,FF 05 EB A6 AC,00:01:26:04,81360
043:02:257,1,1,Note,G3,087 000 68,90 37 57,00:01:26:05,81377
043:02:300,1,,Meta Event,Lyric,이,FF 05 EC 9D B4,00:01:26:06,81420
043:02:326,1,1,Note,G3,087 000 79,90 37 57,00:01:26:06,81446
043:02:415,1,1,Note,A3,101 000 265,90 39 65,00:01:26:09,81535
043:02:420,1,,Meta Event,Lyric,찬,FF 05 EC B0 AC,00:01:26:09,81540
043:03:180,1,,Meta Event,Lyric,라^,FF 05 EB 9D BC 5E,00:01:26:15,81780
043:03:210,1,1,Note,A3,107 000 116,90 39 6B,00:01:26:16,81810
043:03:336,1,1,Note,B3,096 000 152,90 3B 60,00:01:26:19,81936
043:03:360,1,,Meta Event,Lyric,안,FF 05 EC 95 88,00:01:26:20,81960
043:04:000,1,,Meta Event,Lyric,해,FF 05 ED 95 B4,00:01:26:23,82080
043:04:021,1,1,Note,E3,069 000 68,90 34 45,00:01:26:24,82101
043:04:090,1,1,Note,E3,069 000 129,90 34 45,00:01:27:01,82170
043:04:120,1,,Meta Event,Lyric,애,FF 05 EC 95 A0,00:01:27:01,82200
043:04:239,1,1,Note,C7,105 064 226,90 60 69,00:01:27:05,82319
043:04:420,1,,Meta Event,Lyric,왜^,FF 05 EC 99 9C 5E,00:01:27:09,82500
043:04:476,1,1,Note,A3,107 000 147,90 39 6B,00:01:27:11,82556
044:01:153,1,1,Note,B3,100 000 157,90 3B 64,00:01:27:15,82713
044:01:180,1,,Meta Event,Lyric,애,FF 05 EC 95 A0,00:01:27:16,82740
044:01:320,1,1,Note,C7,105 064 20,90 60 69,00:01:27:19,82880
044:01:345,1,1,Note,A3,108 000 283,90 39 6C,00:01:27:20,82905
044:01:360,1,,Meta Event,Lyric,또^,FF 05 EB 98 90 5E,00:01:27:20,82920
044:02:160,1,1,Note,B3,104 000 163,90 3B 68,00:01:28:03,83200
044:02:180,1,,Meta Event,Lyric,오,FF 05 EC 98 A4,00:01:28:03,83220
044:02:351,1,1,Note,C7,105 064 111,90 60 69,00:01:28:08,83391
044:02:467,1,1,Note,A3,106 000 152,90 39 6A,00:01:28:11,83507
044:03:000,1,,Meta Event,Lyric,나^,FF 05 EB 82 98 5E,00:01:28:11,83520
044:03:120,1,,Meta Event,Lyric,아,FF 05 EC 95 84,00:01:28:15,83640
044:03:140,1,1,Note,B3,106 000 120,90 3B 6A,00:01:28:15,83660
044:03:272,1,1,Note,A3,096 000 192,90 39 60,00:01:28:19,83792
044:03:300,1,,Meta Event,Lyric,는,FF 05 EB 8A 94,00:01:28:19,83820
044:03:474,1,1,Note,G3,095 000 87,90 37 5F,00:01:28:24,83994
044:04:000,1,,Meta Event,Lyric,너,FF 05 EB 84 88,00:01:28:24,84000
044:04:060,1,,Meta Event,Lyric,어,FF 05 EC 96 B4,00:01:29:01,84060
044:04:082,1,1,Note,G3,095 000 167,90 37 5F,00:01:29:01,84082
044:04:240,1,,Meta Event,Lyric,르^,FF 05 EB A5 B4 5E,00:01:29:05,84240
044:04:260,1,1,Note,Ab3,090 000 116,90 38 5A,00:01:29:06,84260
044:04:388,1,1,Note,A3,080 000 147,90 39 50,00:01:29:09,84388
044:04:420,1,,Meta Event,Lyric,을,FF 05 EC 9D 84,00:01:29:10,84420
045:01:075,1,1,Note,C7,105 064 137,90 60 69,00:01:29:14,84555
045:01:180,1,,Meta Event,Lyric,왜,FF 05 EC 99 9C,00:01:29:17,84660
045:01:220,1,1,Note,A3,109 000 258,90 39 6D,00:01:29:18,84700
045:01:420,1,,Meta Event,Lyric,이,FF 05 EC 9D B4,00:01:29:23,84900
045:01:479,1,1,Note,A3,100 000 241,90 39 64,00:01:29:24,84959
045:02:180,1,,Meta Event,Lyric,리,FF 05 EB A6 AC,00:01:30:04,85140
045:02:249,1,1,Note,G3,085 000 70,90 37 55,00:01:30:06,85209
045:02:300,1,,Meta Event,Lyric,이,FF 05 EC 9D B4,00:01:30:07,85260
045:02:320,1,1,Note,G3,085 000 131,90 37 55,00:01:30:08,85280
045:02:461,1,1,Note,A3,105 000 68,90 39 69,00:01:30:12,85421
045:03:000,1,,Meta Event,Lyric,다,FF 05 EB 8B A4,00:01:30:12,85440
045:03:050,1,1,Note,A3,105 000 123,90 39 69,00:01:30:14,85490
045:03:060,1,,Meta Event,Lyric,아~,FF 05 EC 95 84 7E,00:01:30:14,85500
045:03:180,1,,Meta Event,Lyric,저,FF 05 EC A0 80,00:01:30:17,85620
045:03:186,1,1,Note,D4,105 000 62,90 3E 69,00:01:30:17,85626
045:03:240,1,,Meta Event,Lyric,엉~,FF 05 EC 97 89 7E,00:01:30:19,85680
045:03:249,1,1,Note,D4,105 000 184,90 3E 69,00:01:30:19,85689
045:03:420,1,,Meta Event,Lyric,해^,FF 05 ED 95 B4 5E,00:01:30:23,85860
045:03:434,1,1,Note,A3,103 000 162,90 39 67,00:01:30:24,85874
045:04:060,1,,Meta Event,Lyric,애,FF 05 EC 95 A0,00:01:31:02,85980
045:04:117,1,1,Note,B3,084 000 133,90 3B 54,00:01:31:03,86037
045:04:289,1,1,Note,C7,105 064 191,90 60 69,00:01:31:08,86209
045:04:420,1,,Meta Event,Lyric,왜^,FF 05 EC 99 9C 5E,00:01:31:11,86340
046:01:010,1,1,Note,A3,108 000 136,90 39 6C,00:01:31:13,86410
046:01:120,1,,Meta Event,Lyric,애,FF 05 EC 95 A0,00:01:31:16,86520
046:01:159,1,1,Note,B3,100 000 178,90 3B 64,00:01:31:17,86559
046:01:355,1,1,Note,C7,105 064 147,90 60 69,00:01:31:22,86755
046:02:000,1,,Meta Event,Lyric,또^,FF 05 EB 98 90 5E,00:01:32:00,86880
046:02:013,1,1,Note,A3,109 000 135,90 39 6D,00:01:32:01,86893
046:02:120,1,,Meta Event,Lyric,오,FF 05 EC 98 A4,00:01:32:04,87000
046:02:149,1,1,Note,B3,105 000 171,90 3B 69,00:01:32:04,87029
046:02:335,1,1,Note,C7,105 064 149,90 60 69,00:01:32:09,87215
046:03:000,1,,Meta Event,Lyric,너^,FF 05 EB 84 88 5E,00:01:32:13,87360
046:03:005,1,1,Note,A3,105 000 118,90 39 69,00:01:32:13,87365
046:03:120,1,,Meta Event,Lyric,어,FF 05 EC 96 B4,00:01:32:16,87480
046:03:124,1,1,Note,B3,106 000 152,90 3B 6A,00:01:32:16,87484
046:03:280,1,1,Note,A3,099 000 196,90 39 63,00:01:32:20,87640
046:03:300,1,,Meta Event,Lyric,는,FF 05 EB 8A 94,00:01:32:21,87660
046:03:477,1,1,Note,G3,102 000 79,90 37 66,00:01:33:01,87837
046:04:000,1,,Meta Event,Lyric,내,FF 05 EB 82 B4,00:01:33:01,87840
046:04:060,1,,Meta Event,Lyric,애,FF 05 EC 95 A0,00:01:33:02,87900
046:04:077,1,1,Note,G3,102 000 156,90 37 66,00:01:33:03,87917
046:04:234,1,1,Note,Ab3,089 000 148,90 38 59,00:01:33:07,88074
046:04:240,1,,Meta Event,Lyric,게^,FF 05 EA B2 8C 5E,00:01:33:07,88080
046:04:360,1,,Meta Event,Lyric,에,FF 05 EC 97 90,00:01:33:10,88200
046:04:383,1,1,Note,A3,083 000 151,90 39 53,00:01:33:11,88223
047:01:072,1,1,Note,C7,105 064 172,90 60 69,00:01:33:15,88392
047:01:240,1,,Meta Event,Lyric,왜,FF 05 EC 99 9C,00:01:33:20,88560
047:01:250,1,1,Note,A3,107 000 215,90 39 6B,00:01:33:20,88570
047:01:466,1,1,Note,A3,097 000 258,90 39 61,00:01:34:01,88786
047:02:000,1,,Meta Event,Lyric,이,FF 05 EC 9D B4,00:01:34:01,88800
047:02:180,1,,Meta Event,Lyric,리,FF 05 EB A6 AC,00:01:34:06,88980
047:02:245,1,1,Note,G3,086 000 88,90 37 56,00:01:34:08,89045
047:02:334,1,1,Note,G3,086 000 112,90 37 56,00:01:34:10,89134
047:02:360,1,,Meta Event,Lyric,이,FF 05 EC 9D B4,00:01:34:11,89160
047:02:454,1,1,Note,A3,078 000 215,90 39 4E,00:01:34:13,89254
047:03:000,1,,Meta Event,Lyric,새,FF 05 EC 83 88,00:01:34:14,89280
047:03:180,1,,Meta Event,Lyric,코^,FF 05 EC BD 94 5E,00:01:34:19,89460
047:03:190,1,1,Note,A3,085 000 134,90 39 55,00:01:34:19,89470
047:03:300,1,,Meta Event,Lyric,옴,FF 05 EC 98 B4,00:01:34:22,89580
047:03:325,1,1,Note,B3,100 000 151,90 3B 64,00:01:34:23,89605
047:03:420,1,,Meta Event,Lyric,해,FF 05 ED 95 B4,00:01:35:00,89700
047:04:000,1,1,Note,E3,079 000 84,90 34 4F,00:01:35:02,89760
047:04:060,1,,Meta Event,Lyric,애,FF 05 EC 95 A0,00:01:35:03,89820
047:04:085,1,1,Note,E3,079 000 152,90 34 4F,00:01:35:04,89845
047:04:252,1,1,Note,C7,105 064 220,90 60 69,00:01:35:08,90012
048:01:000,1,,Meta Event,Lyric,왜^,FF 05 EC 99 9C 5E,00:01:35:14,90240
048:01:000,1,1,Note,A3,108 000 148,90 39 6C,00:01:35:14,90240
048:01:156,1,1,Note,B3,099 000 192,90 3B 63,00:01:35:18,90396
048:01:180,1,,Meta Event,Lyric,애,FF 05 EC 95 A0,00:01:35:19,90420
048:01:360,1,1,Note,C7,105 064 121,90 60 69,00:01:35:24,90600
048:02:007,1,1,Note,A3,108 000 132,90 39 6C,00:01:36:02,90727
048:02:060,1,,Meta Event,Lyric,또^,FF 05 EB 98 90 5E,00:01:36:04,90780
048:02:148,1,1,Note,B3,106 000 168,90 3B 6A,00:01:36:06,90868
048:02:180,1,,Meta Event,Lyric,오,FF 05 EC 98 A4,00:01:36:07,90900
048:02:334,1,1,Note,C7,105 064 129,90 60 69,00:01:36:11,91054
048:02:464,1,1,Note,A3,106 000 160,90 39 6A,00:01:36:14,91184
048:03:000,1,,Meta Event,Lyric,나^,FF 05 EB 82 98 5E,00:01:36:15,91200
048:03:120,1,,Meta Event,Lyric,아,FF 05 EC 95 84,00:01:36:18,91320
048:03:150,1,1,Note,B3,107 000 98,90 3B 6B,00:01:36:19,91350
048:03:240,1,,Meta Event,Lyric,는,FF 05 EB 8A 94,00:01:36:21,91440
048:03:257,1,1,Note,A3,097 000 183,90 39 61,00:01:36:22,91457
048:03:420,1,,Meta Event,Lyric,너,FF 05 EB 84 88,00:01:37:01,91620
048:03:447,1,1,Note,G3,094 000 78,90 37 5E,00:01:37:02,91647
048:04:046,1,1,Note,G3,094 000 207,90 37 5E,00:01:37:04,91726
048:04:060,1,,Meta Event,Lyric,어,FF 05 EC 96 B4,00:01:37:04,91740
048:04:259,1,1,Note,Ab3,090 000 112,90 38 5A,00:01:37:09,91939
048:04:300,1,,Meta Event,Lyric,르^,FF 05 EB A5 B4 5E,00:01:37:10,91980
048:04:380,1,1,Note,A3,077 000 270,90 39 4D,00:01:37:13,92060
049:01:000,1,,Meta Event,Lyric,을~,FF 05 EC 9D 84 7E,00:01:37:15,92160
049:04:005,1,1,Note,C7,105 064 390,90 60 69,00:01:39:03,93605
049:04:402,1,1,Note,A3,101 000 200,90 39 65,00:01:39:14,94002
049:04:420,1,,Meta Event,Lyric,왜^,FF 05 EC 99 9C 5E,00:01:39:14,94020
050:01:120,1,,Meta Event,Lyric,애,FF 05 EC 95 A0,00:01:39:19,94200
050:01:130,1,1,Note,B3,086 000 330,90 3B 56,00:01:39:19,94210
050:01:461,1,1,Note,A3,110 000 154,90 39 6E,00:01:40:03,94541
050:02:000,1,,Meta Event,Lyric,또^,FF 05 EB 98 90 5E,00:01:40:04,94560
050:02:120,1,,Meta Event,Lyric,오,FF 05 EC 98 A4,00:01:40:07,94680
050:02:140,1,1,Note,B3,099 000 315,90 3B 63,00:01:40:07,94700
050:02:458,1,1,Note,A3,107 000 126,90 39 6B,00:01:40:16,95018
050:03:000,1,,Meta Event,Lyric,너^,FF 05 EB 84 88 5E,00:01:40:16,95040
050:03:108,1,1,Note,B3,111 000 135,90 3B 6F,00:01:40:19,95148
050:03:120,1,,Meta Event,Lyric,어,FF 05 EC 96 B4,00:01:40:20,95160
050:03:240,1,,Meta Event,Lyric,는,FF 05 EB 8A 94,00:01:40:23,95280
050:03:251,1,1,Note,A3,101 000 228,90 39 65,00:01:40:23,95291
050:04:000,1,,Meta Event,Lyric,내,FF 05 EB 82 B4,00:01:41:04,95520
050:04:000,1,1,Note,G3,104 000 107,90 37 68,00:01:41:04,95520
050:04:108,1,1,Note,G3,104 000 153,90 37 68,00:01:41:07,95628
050:04:120,1,,Meta Event,Lyric,애,FF 05 EC 95 A0,00:01:41:07,95640
050:04:240,1,,Meta Event,Lyric,게^,FF 05 EA B2 8C 5E,00:01:41:11,95760
050:04:267,1,1,Note,Ab3,097 000 135,90 38 61,00:01:41:11,95787
050:04:406,1,1,Note,A3,085 000 205,90 39 55,00:01:41:15,95926
050:04:420,1,,Meta Event,Lyric,에,FF 05 EC 97 90,00:01:41:15,95940
051:01:146,1,1,Note,C7,105 064 137,90 60 69,00:01:41:21,96146
051:01:284,1,1,Note,A3,110 000 218,90 39 6E,00:01:41:24,96284
051:01:300,1,,Meta Event,Lyric,왜,FF 05 EC 99 9C,00:01:42:00,96300
051:01:420,1,,Meta Event,Lyric,이,FF 05 EC 9D B4,00:01:42:03,96420
051:02:023,1,1,Note,A3,105 000 243,90 39 69,00:01:42:05,96503
051:02:267,1,1,Note,G3,098 000 89,90 37 62,00:01:42:12,96747
051:02:300,1,,Meta Event,Lyric,리,FF 05 EB A6 AC,00:01:42:13,96780
051:02:357,1,1,Note,G3,098 000 139,90 37 62,00:01:42:14,96837
051:02:360,1,,Meta Event,Lyric,이,FF 05 EC 9D B4,00:01:42:14,96840
051:03:019,1,1,Note,A3,098 000 223,90 39 62,00:01:42:18,96979
051:03:060,1,,Meta Event,Lyric,달,FF 05 EB 8B AC,00:01:42:19,97020
051:03:240,1,,Meta Event,Lyric,코^,FF 05 EC BD 94 5E,00:01:42:24,97200
051:03:247,1,1,Note,Bb3,102 000 142,90 3A 66,00:01:42:24,97207
051:03:360,1,,Meta Event,Lyric,옴,FF 05 EC 98 B4,00:01:43:02,97320
051:03:390,1,1,Note,B3,100 000 107,90 3B 64,00:01:43:03,97350
051:04:000,1,,Meta Event,Lyric,해,FF 05 ED 95 B4,00:01:43:05,97440
051:04:018,1,1,Note,E3,074 000 107,90 34 4A,00:01:43:05,97458
051:04:126,1,1,Note,E3,074 000 152,90 34 4A,00:01:43:08,97566
051:04:180,1,,Meta Event,Lyric,애,FF 05 EC 95 A0,00:01:43:10,97620
051:04:312,1,1,Note,C7,105 064 172,90 60 69,00:01:43:13,97752
052:01:000,1,,Meta Event,Lyric,왜^,FF 05 EC 99 9C 5E,00:01:43:18,97920
052:01:005,1,1,Note,A3,107 000 145,90 39 6B,00:01:43:18,97925
052:01:151,1,1,Note,B3,098 000 199,90 3B 62,00:01:43:22,98071
052:01:180,1,,Meta Event,Lyric,애,FF 05 EC 95 A0,00:01:43:22,98100
052:01:364,1,1,Note,C7,105 064 118,90 60 69,00:01:44:02,98284
052:02:003,1,1,Note,A3,107 000 144,90 39 6B,00:01:44:06,98403
052:02:060,1,,Meta Event,Lyric,또^,FF 05 EB 98 90 5E,00:01:44:07,98460
052:02:148,1,1,Note,B3,105 000 174,90 3B 69,00:01:44:09,98548
052:02:180,1,,Meta Event,Lyric,오,FF 05 EC 98 A4,00:01:44:10,98580
052:02:331,1,1,Note,C7,105 064 135,90 60 69,00:01:44:14,98731
052:02:467,1,1,Note,A3,109 000 101,90 39 6D,00:01:44:18,98867
052:03:000,1,,Meta Event,Lyric,너^,FF 05 EB 84 88 5E,00:01:44:18,98880
052:03:089,1,1,Note,B3,113 000 112,90 3B 71,00:01:44:21,98969
052:03:120,1,,Meta Event,Lyric,어,FF 05 EC 96 B4,00:01:44:21,99000
052:03:210,1,1,Note,A3,105 000 256,90 39 69,00:01:44:24,99090
052:03:240,1,,Meta Event,Lyric,는,FF 05 EB 8A 94,00:01:45:00,99120
052:03:473,1,1,Note,G3,105 000 97,90 37 69,00:01:45:06,99353
052:04:000,1,,Meta Event,Lyric,내,FF 05 EB 82 B4,00:01:45:06,99360
052:04:091,1,1,Note,G3,105 000 153,90 37 69,00:01:45:08,99451
052:04:120,1,,Meta Event,Lyric,애,FF 05 EC 95 A0,00:01:45:09,99480
052:04:254,1,1,Note,Ab3,099 000 137,90 38 63,00:01:45:13,99614
052:04:300,1,,Meta Event,Lyric,게^,FF 05 EA B2 8C 5E,00:01:45:14,99660
052:04:398,1,1,Note,A3,084 000 153,90 39 54,00:01:45:16,99758
053:01:000,1,,Meta Event,Lyric,에,FF 05 EC 97 90,00:01:45:19,99840
053:01:094,1,1,Note,C7,105 064 146,90 60 69,00:01:45:21,99934
053:01:240,1,,Meta Event,Lyric,왜,FF 05 EC 99 9C,00:01:46:00,100080
053:01:248,1,1,Note,A3,113 000 224,90 39 71,00:01:46:00,100088
053:01:473,1,1,Note,A3,105 000 250,90 39 69,00:01:46:06,100313
053:02:000,1,,Meta Event,Lyric,이,FF 05 EC 9D B4,00:01:46:06,100320
053:02:240,1,,Meta Event,Lyric,리,FF 05 EB A6 AC,00:01:46:13,100560
053:02:254,1,1,Note,G3,093 000 55,90 37 5D,00:01:46:13,100574
053:02:300,1,,Meta Event,Lyric,이,FF 05 EC 9D B4,00:01:46:14,100620
053:02:310,1,1,Note,G3,093 000 83,90 37 5D,00:01:46:14,100630
053:02:401,1,1,Note,A3,102 000 104,90 39 66,00:01:46:17,100721
053:02:420,1,,Meta Event,Lyric,사,FF 05 EC 82 AC,00:01:46:17,100740
053:03:000,1,,Meta Event,Lyric,아,FF 05 EC 95 84,00:01:46:19,100800
053:03:026,1,1,Note,A3,102 000 210,90 39 66,00:01:46:20,100826
053:03:240,1,,Meta Event,Lyric,라,FF 05 EB 9D BC,00:01:47:00,101040
053:03:240,1,1,Note,D4,107 000 79,90 3E 6B,00:01:47:00,101040
053:03:300,1,,Meta Event,Lyric,앙,FF 05 EC 95 99,00:01:47:02,101100
053:03:320,1,1,Note,D4,107 000 138,90 3E 6B,00:01:47:02,101120
053:03:467,1,1,Note,A3,105 000 158,90 39 69,00:01:47:06,101267
053:04:000,1,,Meta Event,Lyric,해^,FF 05 ED 95 B4 5E,00:01:47:07,101280
053:04:120,1,,Meta Event,Lyric,애,FF 05 EC 95 A0,00:01:47:10,101400
053:04:153,1,1,Note,B3,087 000 164,90 3B 57,00:01:47:11,101433
053:04:330,1,1,Note,C7,105 064 152,90 60 69,00:01:47:15,101610
054:01:000,1,,Meta Event,Lyric,왜^,FF 05 EC 99 9C 5E,00:01:47:19,101760
054:01:006,1,1,Note,A3,109 000 137,90 39 6D,00:01:47:20,101766
054:01:152,1,1,Note,B3,100 000 178,90 3B 64,00:01:47:23,101912
054:01:180,1,,Meta Event,Lyric,애,FF 05 EC 95 A0,00:01:47:24,101940
054:01:355,1,1,Note,C7,105 064 154,90 60 69,00:01:48:04,102115
054:02:030,1,1,Note,A3,112 000 127,90 39 70,00:01:48:08,102270
054:02:060,1,,Meta Event,Lyric,또^,FF 05 EB 98 90 5E,00:01:48:09,102300
054:02:159,1,1,Note,B3,107 000 179,90 3B 6B,00:01:48:11,102399
054:02:180,1,,Meta Event,Lyric,오,FF 05 EC 98 A4,00:01:48:12,102420
054:02:371,1,1,Note,C7,105 064 139,90 60 69,00:01:48:17,102611
054:03:035,1,1,Note,B3,112 000 197,90 3B 70,00:01:48:21,102755
054:03:060,1,,Meta Event,Lyric,너,FF 05 EB 84 88,00:01:48:21,102780
054:03:240,1,,Meta Event,Lyric,는,FF 05 EB 8A 94,00:01:49:01,102960
054:03:240,1,1,Note,A3,101 000 239,90 39 65,00:01:49:01,102960
054:03:420,1,,Meta Event,Lyric,내,FF 05 EB 82 B4,00:01:49:06,103140
054:04:007,1,1,Note,G3,099 000 97,90 37 63,00:01:49:08,103207
054:04:105,1,1,Note,G3,099 000 141,90 37 63,00:01:49:10,103305
054:04:120,1,,Meta Event,Lyric,애,FF 05 EC 95 A0,00:01:49:11,103320
054:04:240,1,,Meta Event,Lyric,게^,FF 05 EA B2 8C 5E,00:01:49:14,103440
054:04:252,1,1,Note,Ab3,098 000 118,90 38 62,00:01:49:14,103452
054:04:360,1,,Meta Event,Lyric,에,FF 05 EC 97 90,00:01:49:17,103560
054:04:371,1,1,Note,A3,090 000 163,90 39 5A,00:01:49:17,103571
055:01:087,1,1,Note,C7,105 064 133,90 60 69,00:01:49:23,103767
055:01:221,1,1,Note,A3,104 000 276,90 39 68,00:01:50:01,103901
055:01:240,1,,Meta Event,Lyric,왜,FF 05 EC 99 9C,00:01:50:02,103920
055:01:420,1,,Meta Event,Lyric,이,FF 05 EC 9D B4,00:01:50:06,104100
055:02:018,1,1,Note,A3,104 000 234,90 39 68,00:01:50:08,104178
055:02:120,1,,Meta Event,Lyric,리,FF 05 EB A6 AC,00:01:50:11,104280
055:02:262,1,1,Note,G3,091 000 94,90 37 5B,00:01:50:15,104422
055:02:300,1,,Meta Event,Lyric,이,FF 05 EC 9D B4,00:01:50:16,104460
055:02:357,1,1,Note,G3,091 000 123,90 37 5B,00:01:50:17,104517
055:03:000,1,,Meta Event,Lyric,달,FF 05 EB 8B AC,00:01:50:21,104640
055:03:001,1,1,Note,A3,092 000 243,90 39 5C,00:01:50:21,104641
055:03:180,1,,Meta Event,Lyric,코^,FF 05 EC BD 94 5E,00:01:51:00,104820
055:03:251,1,1,Note,A3,099 000 113,90 39 63,00:01:51:02,104891
055:03:300,1,,Meta Event,Lyric,옴,FF 05 EC 98 B4,00:01:51:04,104940
055:03:373,1,1,Note,B3,093 000 110,90 3B 5D,00:01:51:06,105013
055:03:420,1,,Meta Event,Lyric,해,FF 05 ED 95 B4,00:01:51:07,105060
055:04:012,1,1,Note,E3,068 000 84,90 34 44,00:01:51:09,105132
055:04:060,1,,Meta Event,Lyric,애,FF 05 EC 95 A0,00:01:51:10,105180
055:04:097,1,1,Note,E3,068 000 142,90 34 44,00:01:51:11,105217
055:04:253,1,1,Note,C7,105 064 216,90 60 69,00:01:51:15,105373
055:04:360,1,,Meta Event,Lyric,왜^,FF 05 EC 99 9C 5E,00:01:51:18,105480
055:04:457,1,1,Note,A3,108 000 144,90 39 6C,00:01:51:21,105577
056:01:060,1,,Meta Event,Lyric,애,FF 05 EC 95 A0,00:01:51:23,105660
056:01:134,1,1,Note,B3,103 000 178,90 3B 67,00:01:52:00,105734
056:01:320,1,1,Note,C7,105 064 147,90 60 69,00:01:52:05,105920
056:01:420,1,,Meta Event,Lyric,또^,FF 05 EB 98 90 5E,00:01:52:07,106020
056:01:474,1,1,Note,A3,125 000 140,90 39 7D,00:01:52:09,106074
056:02:060,1,,Meta Event,Lyric,오,FF 05 EC 98 A4,00:01:52:10,106140
056:02:144,1,1,Note,B3,107 000 183,90 3B 6B,00:01:52:13,106224
056:02:348,1,1,Note,C7,105 064 139,90 60 69,00:01:52:18,106428
056:03:008,1,1,Note,A3,110 000 104,90 39 6E,00:01:52:22,106568
056:03:060,1,,Meta Event,Lyric,너^,FF 05 EB 84 88 5E,00:01:52:23,106620
056:03:125,1,1,Note,B3,107 000 137,90 3B 6B,00:01:53:00,106685
056:03:180,1,,Meta Event,Lyric,어,FF 05 EC 96 B4,00:01:53:01,106740
056:03:272,1,1,Note,A3,099 000 187,90 39 63,00:01:53:04,106832
056:03:300,1,,Meta Event,Lyric,는,FF 05 EB 8A 94,00:01:53:04,106860
056:03:464,1,1,Note,G3,103 000 132,90 37 67,00:01:53:09,107024
056:04:000,1,,Meta Event,Lyric,내,FF 05 EB 82 B4,00:01:53:09,107040
056:04:117,1,1,Note,G3,103 000 125,90 37 67,00:01:53:12,107157
056:04:180,1,,Meta Event,Lyric,애,FF 05 EC 95 A0,00:01:53:14,107220
056:04:254,1,1,Note,Ab3,106 000 134,90 38 6A,00:01:53:16,107294
056:04:300,1,,Meta Event,Lyric,게^,FF 05 EA B2 8C 5E,00:01:53:17,107340
056:04:360,1,,Meta Event,Lyric,에~,FF 05 EC 97 90 7E,00:01:53:19,107400
056:04:389,1,1,Note,A3,080 000 459,90 39 50,00:01:53:20,107429
057:04:005,1,1,Note,C7,105 064 338,90 60 69,00:01:55:10,108965
057:04:344,1,1,Note,A3,101 000 302,90 39 65,00:01:55:19,109304
057:04:360,1,,Meta Event,Lyric,왜^,FF 05 EC 99 9C 5E,00:01:55:20,109320
058:01:178,1,1,Note,B3,092 000 281,90 3B 5C,00:01:56:03,109618
058:01:180,1,,Meta Event,Lyric,애,FF 05 EC 95 A0,00:01:56:03,109620
058:01:470,1,1,Note,A3,121 000 172,90 39 79,00:01:56:10,109910
058:02:000,1,,Meta Event,Lyric,또^,FF 05 EB 98 90 5E,00:01:56:11,109920
058:02:171,1,1,Note,B3,108 000 180,90 3B 6C,00:01:56:15,110091
058:02:180,1,,Meta Event,Lyric,오,FF 05 EC 98 A4,00:01:56:15,110100
058:03:000,1,,Meta Event,Lyric,너^,FF 05 EB 84 88 5E,00:01:56:23,110400
058:03:020,1,1,Note,A3,110 000 118,90 39 6E,00:01:56:24,110420
058:03:120,1,,Meta Event,Lyric,어,FF 05 EC 96 B4,00:01:57:01,110520
058:03:147,1,1,Note,B3,108 000 105,90 3B 6C,00:01:57:02,110547
058:03:240,1,,Meta Event,Lyric,는,FF 05 EB 8A 94,00:01:57:05,110640
058:03:262,1,1,Note,A3,103 000 198,90 39 67,00:01:57:05,110662
058:03:473,1,1,Note,G3,104 000 98,90 37 68,00:01:57:11,110873
058:04:000,1,,Meta Event,Lyric,내,FF 05 EB 82 B4,00:01:57:11,110880
058:04:092,1,1,Note,G3,104 000 158,90 37 68,00:01:57:13,110972
058:04:120,1,,Meta Event,Lyric,애,FF 05 EC 95 A0,00:01:57:14,111000
058:04:240,1,,Meta Event,Lyric,게^,FF 05 EA B2 8C 5E,00:01:57:17,111120
058:04:261,1,1,Note,Ab3,098 000 126,90 38 62,00:01:57:18,111141
058:04:397,1,1,Note,A3,094 000 149,90 39 5E,00:01:57:21,111277
058:04:420,1,,Meta Event,Lyric,에,FF 05 EC 97 90,00:01:57:22,111300
059:01:098,1,1,Note,C7,105 064 158,90 60 69,00:01:58:01,111458
059:01:240,1,,Meta Event,Lyric,왜,FF 05 EC 99 9C,00:01:58:05,111600
059:01:260,1,1,Note,A3,108 000 211,90 39 6C,00:01:58:06,111620
059:01:472,1,1,Note,A3,104 000 254,90 39 68,00:01:58:11,111832
059:02:000,1,,Meta Event,Lyric,이,FF 05 EC 9D B4,00:01:58:11,111840
059:02:180,1,,Meta Event,Lyric,리,FF 05 EB A6 AC,00:01:58:16,112020
059:02:260,1,1,Note,G3,087 000 67,90 37 57,00:01:58:18,112100
059:02:300,1,,Meta Event,Lyric,이,FF 05 EC 9D B4,00:01:58:19,112140
059:02:328,1,1,Note,G3,087 000 83,90 37 57,00:01:58:20,112168
059:02:420,1,,Meta Event,Lyric,찬,FF 05 EC B0 AC,00:01:58:22,112260
059:02:420,1,1,Note,A3,101 000 270,90 39 65,00:01:58:22,112260
059:03:211,1,1,Note,A3,107 000 119,90 39 6B,00:01:59:05,112531
059:03:240,1,,Meta Event,Lyric,라^,FF 05 EB 9D BC 5E,00:01:59:05,112560
059:03:339,1,1,Note,B3,096 000 157,90 3B 60,00:01:59:08,112659
059:03:360,1,,Meta Event,Lyric,안,FF 05 EC 95 88,00:01:59:09,112680
059:04:000,1,,Meta Event,Lyric,해,FF 05 ED 95 B4,00:01:59:12,112800
059:04:017,1,1,Note,E3,070 000 88,90 34 46,00:01:59:12,112817
059:04:106,1,1,Note,E3,070 000 102,90 34 46,00:01:59:15,112906
059:04:120,1,,Meta Event,Lyric,애,FF 05 EC 95 A0,00:01:59:15,112920
059:04:222,1,1,Note,C7,105 064 254,90 60 69,00:01:59:18,113022
059:04:420,1,,Meta Event,Lyric,왜^,FF 05 EC 99 9C 5E,00:01:59:23,113220
060:01:008,1,1,Note,A3,090 000 137,90 39 5A,00:02:00:00,113288
060:01:120,1,,Meta Event,Lyric,애,FF 05 EC 95 A0,00:02:00:03,113400
060:01:155,1,1,Note,B3,100 000 185,90 3B 64,00:02:00:04,113435
060:01:364,1,1,Note,C7,105 064 123,90 60 69,00:02:00:09,113644
060:02:000,1,,Meta Event,Lyric,또^,FF 05 EB 98 90 5E,00:02:00:12,113760
060:02:005,1,1,Note,A3,108 000 144,90 39 6C,00:02:00:12,113765
060:02:159,1,1,Note,B3,105 000 158,90 3B 69,00:02:00:16,113919
060:02:180,1,,Meta Event,Lyric,오,FF 05 EC 98 A4,00:02:00:17,113940
060:02:331,1,1,Note,C7,105 064 153,90 60 69,00:02:00:21,114091
060:03:000,1,,Meta Event,Lyric,나^,FF 05 EB 82 98 5E,00:02:01:00,114240
060:03:005,1,1,Note,A3,107 000 129,90 39 6B,00:02:01:00,114245
060:03:120,1,,Meta Event,Lyric,아,FF 05 EC 95 84,00:02:01:03,114360
060:03:146,1,1,Note,B3,108 000 95,90 3B 6C,00:02:01:04,114386
060:03:240,1,,Meta Event,Lyric,는,FF 05 EB 8A 94,00:02:01:06,114480
060:03:253,1,1,Note,A3,095 000 228,90 39 5F,00:02:01:07,114493
060:04:000,1,,Meta Event,Lyric,너,FF 05 EB 84 88,00:02:01:13,114720
060:04:013,1,1,Note,G3,096 000 72,90 37 60,00:02:01:13,114733
060:04:060,1,,Meta Event,Lyric,어,FF 05 EC 96 B4,00:02:01:14,114780
060:04:086,1,1,Note,G3,096 000 154,90 37 60,00:02:01:15,114806
060:04:240,1,,Meta Event,Lyric,르^,FF 05 EB A5 B4 5E,00:02:01:19,114960
060:04:253,1,1,Note,Ab3,089 000 108,90 38 59,00:02:01:19,114973
060:04:372,1,1,Note,A3,082 000 149,90 39 52,00:02:01:22,115092
060:04:420,1,,Meta Event,Lyric,을,FF 05 EC 9D 84,00:02:01:24,115140
061:01:074,1,1,Note,C7,105 064 156,90 60 69,00:02:02:02,115274
061:01:180,1,,Meta Event,Lyric,왜,FF 05 EC 99 9C,00:02:02:05,115380
061:01:220,1,1,Note,A3,107 000 249,90 39 6B,00:02:02:06,115420
061:01:420,1,,Meta Event,Lyric,이,FF 05 EC 9D B4,00:02:02:11,115620
061:02:000,1,1,Note,A3,101 000 239,90 39 65,00:02:02:13,115680
061:02:180,1,,Meta Event,Lyric,리,FF 05 EB A6 AC,00:02:02:18,115860
061:02:249,1,1,Note,G3,085 000 75,90 37 55,00:02:02:20,115929
061:02:300,1,,Meta Event,Lyric,이,FF 05 EC 9D B4,00:02:02:21,115980
061:02:325,1,1,Note,G3,085 000 120,90 37 55,00:02:02:22,116005
061:02:453,1,1,Note,A3,105 000 63,90 39 69,00:02:03:00,116133
061:03:000,1,,Meta Event,Lyric,다,FF 05 EB 8B A4,00:02:03:01,116160
061:03:037,1,1,Note,A3,105 000 148,90 39 69,00:02:03:02,116197
061:03:060,1,,Meta Event,Lyric,아~,FF 05 EC 95 84 7E,00:02:03:02,116220
061:03:120,1,,Meta Event,Lyric,저,FF 05 EC A0 80,00:02:03:04,116280
061:03:191,1,1,Note,D4,105 000 85,90 3E 69,00:02:03:06,116351
061:03:240,1,,Meta Event,Lyric,엉~,FF 05 EC 97 89 7E,00:02:03:07,116400
061:03:277,1,1,Note,D4,105 000 145,90 3E 69,00:02:03:08,116437
061:03:420,1,,Meta Event,Lyric,해^,FF 05 ED 95 B4 5E,00:02:03:12,116580
061:03:434,1,1,Note,A3,103 000 155,90 39 67,00:02:03:12,116594
061:04:060,1,,Meta Event,Lyric,애,FF 05 EC 95 A0,00:02:03:15,116700
061:04:120,1,1,Note,B3,083 000 143,90 3B 53,00:02:03:17,116760
061:04:289,1,1,Note,C7,105 064 178,90 60 69,00:02:03:21,116929
061:04:420,1,,Meta Event,Lyric,왜^,FF 05 EC 99 9C 5E,00:02:04:00,117060
062:01:000,1,1,Note,A3,107 000 151,90 39 6B,00:02:04:01,117120
062:01:120,1,,Meta Event,Lyric,애,FF 05 EC 95 A0,00:02:04:04,117240
062:01:163,1,1,Note,B3,099 000 178,90 3B 63,00:02:04:06,117283
062:01:355,1,1,Note,C7,105 064 121,90 60 69,00:02:04:11,117475
062:02:000,1,,Meta Event,Lyric,또^,FF 05 EB 98 90 5E,00:02:04:14,117600
062:02:000,1,1,Note,A3,107 000 138,90 39 6B,00:02:04:14,117600
062:02:120,1,,Meta Event,Lyric,오,FF 05 EC 98 A4,00:02:04:17,117720
062:02:154,1,1,Note,B3,106 000 157,90 3B 6A,00:02:04:18,117754
062:02:336,1,1,Note,C7,105 064 150,90 60 69,00:02:04:23,117936
062:03:000,1,,Meta Event,Lyric,너^,FF 05 EB 84 88 5E,00:02:05:02,118080
062:03:010,1,1,Note,A3,106 000 122,90 39 6A,00:02:05:02,118090
062:03:120,1,,Meta Event,Lyric,어,FF 05 EC 96 B4,00:02:05:05,118200
062:03:146,1,1,Note,B3,106 000 115,90 3B 6A,00:02:05:05,118226
062:03:266,1,1,Note,A3,099 000 184,90 39 63,00:02:05:09,118346
062:03:300,1,,Meta Event,Lyric,는,FF 05 EB 8A 94,00:02:05:10,118380
062:03:459,1,1,Note,G3,100 000 107,90 37 64,00:02:05:14,118539
062:04:000,1,,Meta Event,Lyric,내,FF 05 EB 82 B4,00:02:05:14,118560
062:04:060,1,,Meta Event,Lyric,애,FF 05 EC 95 A0,00:02:05:16,118620
062:04:087,1,1,Note,G3,100 000 153,90 37 64,00:02:05:17,118647
062:04:240,1,,Meta Event,Lyric,게^,FF 05 EA B2 8C 5E,00:02:05:21,118800
062:04:251,1,1,Note,Ab3,092 000 121,90 38 5C,00:02:05:21,118811
062:04:360,1,,Meta Event,Lyric,에,FF 05 EC 97 90,00:02:05:24,118920
062:04:376,1,1,Note,A3,083 000 164,90 39 53,00:02:05:24,118936
063:01:072,1,1,Note,C7,105 064 164,90 60 69,00:02:06:04,119112
063:01:240,1,,Meta Event,Lyric,왜,FF 05 EC 99 9C,00:02:06:08,119280
063:01:240,1,1,Note,A3,106 000 228,90 39 6A,00:02:06:08,119280
063:02:000,1,,Meta Event,Lyric,이,FF 05 EC 9D B4,00:02:06:15,119520
063:02:000,1,1,Note,A3,097 000 236,90 39 61,00:02:06:15,119520
063:02:180,1,,Meta Event,Lyric,리,FF 05 EB A6 AC,00:02:06:20,119700
063:02:250,1,1,Note,G3,086 000 93,90 37 56,00:02:06:21,119770
063:02:344,1,1,Note,G3,086 000 101,90 37 56,00:02:06:24,119864
063:02:360,1,,Meta Event,Lyric,이,FF 05 EC 9D B4,00:02:06:24,119880
063:02:455,1,1,Note,A3,077 000 221,90 39 4D,00:02:07:02,119975
063:03:000,1,,Meta Event,Lyric,새,FF 05 EC 83 88,00:02:07:02,120000
063:03:180,1,,Meta Event,Lyric,코^,FF 05 EC BD 94 5E,00:02:07:07,120180
063:03:197,1,1,Note,A3,087 000 135,90 39 57,00:02:07:08,120197
063:03:344,1,1,Note,B3,101 000 132,90 3B 65,00:02:07:12,120344
063:03:360,1,,Meta Event,Lyric,옴,FF 05 EC 98 B4,00:02:07:12,120360
063:03:477,1,1,Note,E3,078 000 102,90 34 4E,00:02:07:15,120477
063:04:000,1,,Meta Event,Lyric,해,FF 05 ED 95 B4,00:02:07:15,120480
063:04:100,1,1,Note,E3,078 000 176,90 34 4E,00:02:07:18,120580
063:04:120,1,,Meta Event,Lyric,애,FF 05 EC 95 A0,00:02:07:18,120600
063:04:292,1,1,Note,C7,105 064 188,90 60 69,00:02:07:23,120772
064:01:000,1,,Meta Event,Lyric,왜^,FF 05 EC 99 9C 5E,00:02:08:03,120960
064:01:011,1,1,Note,A3,108 000 140,90 39 6C,00:02:08:03,120971
064:01:165,1,1,Note,B3,100 000 173,90 3B 64,00:02:08:07,121125
064:01:180,1,,Meta Event,Lyric,애,FF 05 EC 95 A0,00:02:08:08,121140
064:01:360,1,1,Note,C7,105 064 113,90 60 69,00:02:08:12,121320
064:02:006,1,1,Note,A3,108 000 134,90 39 6C,00:02:08:16,121446
064:02:060,1,,Meta Event,Lyric,또^,FF 05 EB 98 90 5E,00:02:08:17,121500
064:02:154,1,1,Note,B3,106 000 157,90 3B 6A,00:02:08:20,121594
064:02:180,1,,Meta Event,Lyric,오,FF 05 EC 98 A4,00:02:08:20,121620
064:02:335,1,1,Note,C7,105 064 129,90 60 69,00:02:08:24,121775
064:02:465,1,1,Note,A3,106 000 159,90 39 6A,00:02:09:03,121905
064:03:000,1,,Meta Event,Lyric,나^,FF 05 EB 82 98 5E,00:02:09:03,121920
064:03:158,1,1,Note,B3,107 000 84,90 3B 6B,00:02:09:08,122078
064:03:180,1,,Meta Event,Lyric,아,FF 05 EC 95 84,00:02:09:08,122100
064:03:240,1,,Meta Event,Lyric,는,FF 05 EB 8A 94,00:02:09:10,122160
064:03:254,1,1,Note,A3,096 000 214,90 39 60,00:02:09:10,122174
064:03:420,1,,Meta Event,Lyric,너,FF 05 EB 84 88,00:02:09:14,122340
064:04:000,1,1,Note,G3,095 000 108,90 37 5F,00:02:09:16,122400
064:04:060,1,,Meta Event,Lyric,어,FF 05 EC 96 B4,00:02:09:18,122460
064:04:109,1,1,Note,G3,095 000 142,90 37 5F,00:02:09:19,122509
064:04:180,1,,Meta Event,Lyric,르^,FF 05 EB A5 B4 5E,00:02:09:21,122580
064:04:264,1,1,Note,Ab3,090 000 113,90 38 5A,00:02:09:23,122664
064:04:360,1,,Meta Event,Lyric,을~,FF 05 EC 9D 84 7E,00:02:10:01,122760
064:04:387,1,1,Note,A3,077 000 262,90 39 4D,00:02:10:01,122787