1:01:00,1,,Meta Event,Track Name,Untitled,FF 03 55 6E 74 69 74 6C 65 64,00:00:00:00,0
1:01:00,1,,Meta Event,Set Tempo,70.00007,FF 51 0D 14 36,00:00:00:00,0
1:01:00,1,,Meta Event,Time Signature,"4/4, Click: 24, MIDI Clock: 8",FF 58 04 02 18 08,00:00:00:00,0
1:01:00,2,,Meta Event,Track Name,Prologue 01,FF 03 50 72 6F 6C 6F 67 75 65 20 30 31,00:00:00:00,0
1:04:32,2,1,Note,C7,100 064 142,90 60 64,00:00:00:11,212
1:07:21,2,,Meta Event,Lyric,사,FF 05 BB E7,00:00:00:20,381
1:07:21,2,1,Note,C4,062 064 169,90 3C 3E,00:00:00:20,381
1:03:10,2,,Meta Event,Lyric,아,FF 05 BE C6,00:00:00:29,550
1:03:10,2,1,Note,C4,062 064 171,90 3C 3E,00:00:00:29,550
1:06:01,2,,Meta Event,Lyric,라,FF 05 B6 F3,00:00:01:08,721
1:06:01,2,1,Note,C4,058 064 113,90 3C 3A,00:00:01:08,721
1:07:54,2,,Meta Event,Lyric,앙,FF 05 BE D3,00:00:01:14,834
1:07:54,2,1,Note,C4,058 064 131,90 3C 3A,00:00:01:14,834
1:03:07,2,,Meta Event,Lyric,해,FF 05 C7 D8,00:00:01:21,967
1:03:07,2,1,Note,Db4,063 064 117,90 3D 3F,00:00:01:21,967
1:05:04,2,,Meta Event,Lyric,앤,FF 05 BE D8,00:00:01:28,1084
1:05:04,2,1,Note,Db4,063 064 124,90 3D 3F,00:00:01:28,1084
1:07:09,2,,Meta Event,Lyric,나,FF 05 B3 AA,00:00:02:04,1209
1:07:09,2,1,Note,C4,059 064 116,90 3C 3B,00:00:02:04,1209
1:09:05,2,,Meta Event,Lyric,요,FF 05 BF E4,00:00:02:10,1325
1:09:05,2,1,Note,Bb3,055 064 111,90 3A 37,00:00:02:10,1325
1:10:56,2,,Meta Event,Lyric,오,FF 05 BF C0,00:00:02:16,1436
1:10:56,2,1,Note,Bb3,055 064 227,90 3A 37,00:00:02:16,1436
1:07:43,2,,Meta Event,Lyric,나,FF 05 B3 AA,00:00:02:29,1663
1:07:43,2,1,Note,C4,053 064 117,90 3C 35,00:00:02:29,1663
1:09:40,2,,Meta Event,Lyric,아,FF 05 BE C6,00:00:03:05,1780
1:09:40,2,1,Note,C4,053 064 136,90 3C 35,00:00:03:05,1780
1:11:58,2,,Meta Event,Lyric,보,FF 05 BA B8,00:00:03:12,1918
1:11:58,2,1,Note,Bb3,051 064 113,90 3A 33,00:00:03:12,1918
2:02:51,2,,Meta Event,Lyric,오,FF 05 BF C0,00:00:03:18,2031
2:02:51,2,1,Note,Bb3,051 064 120,90 3A 33,00:00:03:18,2031
2:04:53,2,,Meta Event,Lyric,다,FF 05 B4 D9,00:00:03:25,2153
2:04:53,2,1,Note,Ab3,049 064 129,90 38 31,00:00:03:25,2153
2:07:02,2,,Meta Event,Lyric,도,FF 05 B5 B5,00:00:04:02,2282
2:07:02,2,1,Note,Ab3,047 064 122,90 38 2F,00:00:04:02,2282
2:02:04,2,,Meta Event,Lyric,오,FF 05 BF C0,00:00:04:08,2404
2:02:04,2,1,Note,Ab3,047 064 639,90 38 2F,00:00:04:08,2404
2:04:13,2,1,Note,C7,100 064 188,90 60 64,00:00:06:00,3373
2:07:44,2,,Meta Event,Lyric,내,FF 05 B3 BB,00:00:06:11,3584
2:07:44,2,1,Note,Ab3,054 064 121,90 38 36,00:00:06:11,3584
2:09:45,2,,Meta Event,Lyric,애,FF 05 BE D6,00:00:06:18,3705
2:09:45,2,1,Note,Ab3,054 064 117,90 38 36,00:00:06:18,3705
2:11:43,2,,Meta Event,Lyric,가,FF 05 B0 A1,00:00:06:24,3823
2:11:43,2,1,Note,F4,072 064 119,90 41 48,00:00:06:24,3823
3:02:42,2,,Meta Event,Lyric,아,FF 05 BE C6,00:00:07:01,3942
3:02:42,2,1,Note,F4,072 064 131,90 41 48,00:00:07:01,3942
3:04:53,2,,Meta Event,Lyric,아,FF 05 BE C6,00:00:07:08,4073
3:04:53,2,1,Note,E4,070 064 141,90 40 46,00:00:07:08,4073
3:07:14,2,,Meta Event,Lyric,니,FF 05 B4 CF,00:00:07:15,4214
3:07:14,2,1,Note,F4,061 064 135,90 41 3D,00:00:07:15,4214
3:02:29,2,,Meta Event,Lyric,인,FF 05 C0 CE,00:00:07:22,4349
3:02:29,2,1,Note,F4,061 064 181,90 41 3D,00:00:07:22,4349
3:05:31,2,,Meta Event,Lyric,그,FF 05 B1 D7,00:00:08:02,4531
3:05:31,2,1,Note,Ab3,053 064 86,90 38 35,00:00:08:02,4531
3:07:00,2,,Meta Event,Lyric,으,FF 05 C0 B8,00:00:08:07,4620
3:07:00,2,1,Note,Ab3,053 064 164,90 38 35,00:00:08:07,4620
3:09:44,2,,Meta Event,Lyric,녀,FF 05 B3 E0,00:00:08:16,4784
3:09:44,2,1,Note,G3,052 064 113,90 37 34,00:00:08:16,4784
3:04:37,2,,Meta Event,Lyric,어,FF 05 BE EE,00:00:08:22,4897
3:04:37,2,1,Note,G3,052 064 142,90 37 34,00:00:08:22,4897
3:07:00,2,,Meta Event,Lyric,와,FF 05 BF CD,00:00:08:29,5040
3:07:00,2,1,Note,Ab3,052 064 108,90 38 34,00:00:08:29,5040
3:08:48,2,,Meta Event,Lyric,이,FF 05 C0 CC,00:00:09:05,5148
3:08:48,2,1,Note,Bb3,055 064 145,90 3A 37,00:00:09:05,5148
3:04:15,2,,Meta Event,Lyric,인,FF 05 C0 CE,00:00:09:13,5295
3:04:15,2,1,Note,Bb3,055 064 204,90 3A 37,00:00:09:13,5295
3:07:39,2,,Meta Event,Lyric,느,FF 05 B4 C0,00:00:09:24,5499
3:07:39,2,1,Note,Eb4,060 064 133,90 3F 3C,00:00:09:24,5499
3:09:52,2,,Meta Event,Lyric,은,FF 05 C0 BA,00:00:10:01,5632
3:09:52,2,1,Note,Eb4,060 064 136,90 3F 3C,00:00:10:01,5632
4:01:10,2,,Meta Event,Lyric,니,FF 05 B4 CF,00:00:10:09,5770
4:01:10,2,1,Note,Db4,056 064 129,90 3D 38,00:00:10:09,5770
4:03:19,2,,Meta Event,Lyric,이,FF 05 C0 CC,00:00:10:16,5899
4:03:19,2,1,Note,Db4,056 064 346,90 3D 38,00:00:10:16,5899
4:02:27,2,1,Note,C7,100 064 169,90 60 64,00:00:11:05,6267
4:05:51,2,,Meta Event,Lyric,모,FF 05 B8 F0,00:00:11:16,6471
4:05:51,2,1,Note,C4,058 064 86,90 3C 3A,00:00:11:16,6471
4:07:20,2,,Meta Event,Lyric,오,FF 05 BF C0,00:00:11:21,6560
4:07:20,2,1,Note,C4,058 064 92,90 3C 3A,00:00:11:21,6560
4:08:52,2,,Meta Event,Lyric,스,FF 05 BD BA,00:00:11:26,6652
4:08:52,2,1,Note,C4,052 064 267,90 3C 34,00:00:11:26,6652
4:06:21,2,,Meta Event,Lyric,읍,FF 05 C0 BE,00:00:12:10,6921
4:06:21,2,1,Note,C4,052 064 271,90 3C 34,00:00:12:10,6921
4:04:38,2,1,Note,C7,100 064 120,90 60 64,00:00:12:27,7238
4:07:41,2,,Meta Event,Lyric,처,FF 05 C3 B3,00:00:13:07,7421
4:07:41,2,1,Note,Db4,061 064 112,90 3D 3D,00:00:13:07,7421
4:09:33,2,,Meta Event,Lyric,어,FF 05 BE EE,00:00:13:13,7533
4:09:33,2,1,Note,Db4,061 064 145,90 3D 3D,00:00:13:13,7533
5:01:01,2,,Meta Event,Lyric,으,FF 05 C0 B8,00:00:13:21,7681
5:01:01,2,1,Note,C4,057 064 727,90 3C 39,00:00:13:21,7681
5:06:09,2,,Meta Event,Lyric,매,FF 05 B8 C5,00:00:15:00,8409
5:06:09,2,1,Note,Bb3,056 064 121,90 3A 38,00:00:15:00,8409
5:08:10,2,,Meta Event,Lyric,앤,FF 05 BE D8,00:00:15:06,8530
5:08:10,2,1,Note,Bb3,056 064 118,90 3A 38,00:00:15:06,8530
5:03:10,2,,Meta Event,Lyric,너,FF 05 B3 CA,00:00:15:13,8650
5:03:10,2,1,Note,Db4,059 064 102,90 3D 3B,00:00:15:13,8650
5:04:52,2,,Meta Event,Lyric,어,FF 05 BE EE,00:00:15:18,8752
5:04:52,2,1,Note,Db4,059 064 115,90 3D 3B,00:00:15:18,8752
5:06:47,2,,Meta Event,Lyric,이,FF 05 C0 CC,00:00:15:25,8867
5:06:47,2,1,Note,C4,055 064 87,90 3C 37,00:00:15:25,8867
5:08:16,2,,Meta Event,Lyric,일,FF 05 C0 CF,00:00:15:29,8956
5:08:16,2,1,Note,C4,055 064 116,90 3C 37,00:00:15:29,8956
5:10:13,2,,Meta Event,Lyric,거,FF 05 B0 C5,00:00:16:06,9073
5:10:13,2,1,Note,G3,046 064 161,90 37 2E,00:00:16:06,9073
5:05:55,2,,Meta Event,Lyric,라,FF 05 B6 F3,00:00:16:14,9235
5:05:55,2,1,Note,C4,051 064 105,90 3C 33,00:00:16:14,9235
5:07:40,2,,Meta Event,Lyric,아,FF 05 BE C6,00:00:16:20,9340
5:07:40,2,1,Note,C4,051 064 143,90 3C 33,00:00:16:20,9340
5:10:08,2,,Meta Event,Lyric,새,FF 05 BB F5,00:00:16:28,9488
5:10:08,2,1,Note,Bb3,055 064 170,90 3A 37,00:00:16:28,9488
6:01:58,2,,Meta Event,Lyric,앵,FF 05 BE DE,00:00:17:07,9658
6:01:58,2,1,Note,Bb3,055 064 168,90 3A 37,00:00:17:07,9658
6:04:47,2,,Meta Event,Lyric,각,FF 05 B0 A2,00:00:17:16,9827
6:04:47,2,1,Note,Ab3,051 064 121,90 38 33,00:00:17:16,9827
6:06:48,2,,Meta Event,Lyric,모,FF 05 B8 F0,00:00:17:22,9948
6:06:48,2,1,Note,C4,055 064 169,90 3C 37,00:00:17:22,9948
6:02:37,2,,Meta Event,Lyric,오,FF 05 BF C0,00:00:18:01,10117
6:02:37,2,1,Note,C4,055 064 187,90 3C 37,00:00:18:01,10117
6:05:46,2,,Meta Event,Lyric,테,FF 05 C5 D7,00:00:18:12,10306
6:05:46,2,1,Note,Ab3,046 064 120,90 38 2E,00:00:18:12,10306
6:07:47,2,,Meta Event,Lyric,써,FF 05 BD E1,00:00:18:18,10427
6:07:47,2,1,Note,Bb3,053 064 144,90 3A 35,00:00:18:18,10427
6:03:11,2,,Meta Event,Lyric,어,FF 05 BE EE,00:00:18:26,10571
6:03:11,2,1,Note,Bb3,053 064 459,90 3A 35,00:00:18:26,10571
6:04:48,2,1,Note,C7,100 064 132,90 60 64,00:00:19:23,11088
6:07:43,2,,Meta Event,Lyric,나,FF 05 B3 AA,00:00:20:03,11263
6:07:43,2,1,Note,Ab3,055 064 140,90 38 37,00:00:20:03,11263
6:10:03,2,,Meta Event,Lyric,아,FF 05 BE C6,00:00:20:10,11403
6:10:03,2,1,Note,Ab3,055 064 114,90 38 37,00:00:20:10,11403
6:11:57,2,,Meta Event,Lyric,너,FF 05 B3 CA,00:00:20:16,11517
6:11:57,2,1,Note,Ab3,055 064 96,90 38 37,00:00:20:16,11517
7:02:33,2,,Meta Event,Lyric,어,FF 05 BE EE,00:00:20:22,11613
7:02:33,2,1,Note,Ab3,055 064 82,90 38 37,00:00:20:22,11613
7:04:01,2,,Meta Event,Lyric,느,FF 05 B4 C0,00:00:20:26,11701
7:04:01,2,1,Note,G3,051 064 130,90 37 33,00:00:20:26,11701
7:06:11,2,,Meta Event,Lyric,새,FF 05 BB F5,00:00:21:03,11831
7:06:11,2,1,Note,Ab3,048 064 118,90 38 30,00:00:21:03,11831
7:08:09,2,,Meta Event,Lyric,애,FF 05 BE D6,00:00:21:10,11949
7:08:09,2,1,Note,Ab3,048 064 268,90 38 30,00:00:21:10,11949
7:05:38,2,,Meta Event,Lyric,보,FF 05 BA B8,00:00:21:24,12218
7:05:38,2,1,Note,Db4,062 064 123,90 3D 3E,00:00:21:24,12218
7:07:41,2,,Meta Event,Lyric,오,FF 05 BF C0,00:00:22:01,12341
7:07:41,2,1,Note,Db4,062 064 122,90 3D 3E,00:00:22:01,12341
7:09:45,2,,Meta Event,Lyric,고,FF 05 B0 ED,00:00:22:07,12465
7:09:45,2,1,Note,Bb3,056 064 120,90 3A 38,00:00:22:07,12465
7:04:45,2,,Meta Event,Lyric,오,FF 05 BF C0,00:00:22:14,12585
7:04:45,2,1,Note,Bb3,056 064 85,90 3A 38,00:00:22:14,12585
7:06:12,2,,Meta Event,Lyric,마,FF 05 B8 B6,00:00:22:18,12672
7:06:12,2,1,Note,Bb3,057 064 169,90 3A 39,00:00:22:18,12672
7:09:03,2,,Meta Event,Lyric,니,FF 05 B4 CF,00:00:22:28,12843
7:09:03,2,1,Note,C4,056 064 113,90 3C 38,00:00:22:28,12843
7:10:56,2,,Meta Event,Lyric,이,FF 05 C0 CC,00:00:23:04,12956
7:10:56,2,1,Note,C4,056 064 143,90 3C 38,00:00:23:04,12956
7:06:19,2,,Meta Event,Lyric,써,FF 05 BD E1,00:00:23:11,13099
7:06:19,2,1,Note,Bb3,049 064 103,90 3A 31,00:00:23:11,13099
7:08:02,2,,Meta Event,Lyric,어,FF 05 BE EE,00:00:23:17,13202
7:08:02,2,1,Note,Bb3,049 064 125,90 3A 31,00:00:23:17,13202
7:10:09,2,,Meta Event,Lyric,써,FF 05 BD E1,00:00:23:24,13329
7:10:09,2,1,Note,Ab3,045 064 125,90 38 2D,00:00:23:24,13329
8:01:14,2,,Meta Event,Lyric,어,FF 05 BE EE,00:00:24:00,13454
8:01:14,2,1,Note,Ab3,045 064 635,90 38 2D,00:00:24:00,13454
8:05:35,2,1,Note,C7,100 064 150,90 60 64,00:00:25:07,14135
8:09:20,2,,Meta Event,Lyric,미,FF 05 B9 CC,00:00:25:19,14360
8:09:20,2,1,Note,Ab3,062 064 116,90 38 3E,00:00:25:19,14360
8:04:16,2,,Meta Event,Lyric,이,FF 05 C0 CC,00:00:25:25,14476
8:04:16,2,1,Note,Ab3,062 064 117,90 38 3E,00:00:25:25,14476
8:06:13,2,,Meta Event,Lyric,들,FF 05 B5 E9,00:00:26:01,14593
8:06:13,2,1,Note,Ab3,057 064 81,90 38 39,00:00:26:01,14593
8:07:34,2,,Meta Event,Lyric,수,FF 05 BC F6,00:00:26:06,14674
8:07:34,2,1,Note,C4,067 064 133,90 3C 43,00:00:26:06,14674
8:09:47,2,,Meta Event,Lyric,우,FF 05 BF EC,00:00:26:13,14807
8:09:47,2,1,Note,C4,067 064 326,90 3C 43,00:00:26:13,14807
8:08:13,2,,Meta Event,Lyric,업,FF 05 BE F7,00:00:27:00,15133
8:08:13,2,1,Note,Eb4,072 064 125,90 3F 48,00:00:27:00,15133
8:10:18,2,,Meta Event,Lyric,써,FF 05 BD E1,00:00:27:07,15258
8:10:18,2,1,Note,F4,074 064 158,90 41 4A,00:00:27:07,15258
9:01:56,2,,Meta Event,Lyric,어,FF 05 BE EE,00:00:27:15,15416
9:01:56,2,1,Note,F4,074 064 439,90 41 4A,00:00:27:15,15416
9:02:53,2,1,Note,C7,100 064 143,90 60 64,00:00:28:11,15893
9:05:53,2,,Meta Event,Lyric,우,FF 05 BF EC,00:00:28:21,16073
9:05:53,2,1,Note,Ab3,058 064 235,90 38 3A,00:00:28:21,16073
9:09:49,2,,Meta Event,Lyric,리,FF 05 B8 AE,00:00:29:03,16309
9:09:49,2,1,Note,G3,055 064 112,90 37 37,00:00:29:03,16309
9:04:41,2,,Meta Event,Lyric,이,FF 05 C0 CC,00:00:29:09,16421
9:04:41,2,1,Note,G3,055 064 111,90 37 37,00:00:29:09,16421
9:06:32,2,,Meta Event,Lyric,에,FF 05 BF A1,00:00:29:15,16532
9:06:32,2,1,Note,Ab3,055 064 84,90 38 37,00:00:29:15,16532
9:07:59,2,,Meta Event,Lyric,사,FF 05 BB E7,00:00:29:20,16619
9:07:59,2,1,Note,Bb3,061 064 140,90 3A 3D,00:00:29:20,16619
9:10:19,2,,Meta Event,Lyric,아,FF 05 BE C6,00:00:29:27,16759
9:10:19,2,1,Note,Bb3,061 064 289,90 3A 3D,00:00:29:27,16759
9:08:10,2,,Meta Event,Lyric,라,FF 05 B6 F3,00:00:30:13,17050
9:08:10,2,1,Note,F4,075 064 124,90 41 4B,00:00:30:13,17050
9:10:14,2,,Meta Event,Lyric,앙,FF 05 BE D3,00:00:30:20,17174
9:10:14,2,1,Note,F4,075 064 132,90 41 4B,00:00:30:20,17174
10:01:26,2,,Meta Event,Lyric,으,FF 05 C0 B8,00:00:30:27,17306
10:01:26,2,1,Note,Eb4,072 064 171,90 3F 48,00:00:30:27,17306
10:04:17,2,,Meta Event,Lyric,은,FF 05 C0 BA,00:00:31:06,17477
10:04:17,2,1,Note,Eb4,072 064 288,90 3F 48,00:00:31:06,17477
10:02:37,2,1,Note,C7,100 064 120,90 60 64,00:00:31:23,17797
10:05:27,2,,Meta Event,Lyric,지,FF 05 C1 F6,00:00:32:02,17967
10:05:27,2,1,Note,Eb4,076 064 117,90 3F 4C,00:00:32:02,17967
10:07:24,2,,Meta Event,Lyric,이,FF 05 C0 CC,00:00:32:08,18084
10:07:24,2,1,Note,Eb4,076 064 142,90 3F 4C,00:00:32:08,18084
10:09:47,2,,Meta Event,Lyric,루,FF 05 B7 E7,00:00:32:16,18227
10:09:47,2,1,Note,F4,080 064 122,90 41 50,00:00:32:16,18227
10:04:49,2,,Meta Event,Lyric,우,FF 05 BF EC,00:00:32:22,18349
10:04:49,2,1,Note,F4,080 064 121,90 41 50,00:00:32:22,18349
10:06:50,2,,Meta Event,Lyric,한,FF 05 C7 D1,00:00:32:29,18470
10:06:50,2,1,Note,Gb4,073 064 108,90 42 49,00:00:32:29,18470
10:08:39,2,,Meta Event,Lyric,지,FF 05 C1 F6,00:00:33:05,18579
10:08:39,2,1,Note,F4,067 064 127,90 41 43,00:00:33:05,18579
10:10:46,2,,Meta Event,Lyric,이,FF 05 C0 CC,00:00:33:12,18706
10:10:46,2,1,Note,F4,067 064 242,90 41 43,00:00:33:12,18706
10:07:49,2,,Meta Event,Lyric,또,FF 05 B6 C7,00:00:33:25,18949
10:07:49,2,1,Note,Eb4,075 064 118,90 3F 4B,00:00:33:25,18949
10:09:47,2,,Meta Event,Lyric,오,FF 05 BF C0,00:00:34:01,19067
10:09:47,2,1,Note,Eb4,075 064 116,90 3F 4B,00:00:34:01,19067
10:11:43,2,,Meta Event,Lyric,그,FF 05 B1 D7,00:00:34:07,19183
10:11:43,2,1,Note,Eb4,068 064 121,90 3F 44,00:00:34:07,19183
11:02:46,2,,Meta Event,Lyric,러,FF 05 B7 AF,00:00:34:14,19306
11:02:46,2,1,Note,Db4,058 064 148,90 3D 3A,00:00:34:14,19306
11:05:14,2,,Meta Event,Lyric,케,FF 05 C4 C9,00:00:34:22,19454
11:05:14,2,1,Note,Db4,062 064 114,90 3D 3E,00:00:34:22,19454
11:07:08,2,,Meta Event,Lyric,에,FF 05 BF A1,00:00:34:28,19568
11:07:08,2,1,Note,Db4,062 064 129,90 3D 3E,00:00:34:28,19568
11:02:42,2,1,Note,C7,100 064 120,90 60 64,00:00:35:06,19722
11:05:20,2,,Meta Event,Lyric,하,FF 05 C7 CF,00:00:35:14,19880
11:05:20,2,1,Note,Ab3,060 064 135,90 38 3C,00:00:35:14,19880
11:07:35,2,,Meta Event,Lyric,아,FF 05 BE C6,00:00:35:22,20015
11:07:35,2,1,Note,Ab3,060 064 136,90 38 3C,00:00:35:22,20015
11:09:52,2,,Meta Event,Lyric,루,FF 05 B7 E7,00:00:35:29,20152
11:09:52,2,1,Note,G3,052 064 124,90 37 34,00:00:35:29,20152
11:04:56,2,,Meta Event,Lyric,우,FF 05 BF EC,00:00:36:06,20276
11:04:56,2,1,Note,G3,052 064 122,90 37 34,00:00:36:06,20276
11:06:58,2,,Meta Event,Lyric,를,FF 05 B8 A6,00:00:36:12,20398
11:06:58,2,1,Note,Ab3,049 064 128,90 38 31,00:00:36:12,20398
11:09:07,2,,Meta Event,Lyric,떼,FF 05 B6 BC,00:00:36:19,20527
11:09:07,2,1,Note,Bb3,064 064 127,90 3A 40,00:00:36:19,20527
11:04:14,2,,Meta Event,Lyric,에,FF 05 BF A1,00:00:36:26,20654
11:04:14,2,1,Note,Bb3,064 064 228,90 3A 40,00:00:36:26,20654
11:08:02,2,,Meta Event,Lyric,워,FF 05 BF F6,00:00:37:08,20882
11:08:02,2,1,Note,Eb4,072 064 105,90 3F 48,00:00:37:08,20882
11:09:47,2,,Meta Event,Lyric,어,FF 05 BE EE,00:00:37:14,20987
11:09:47,2,1,Note,Eb4,072 064 117,90 3F 48,00:00:37:14,20987
11:11:45,2,,Meta Event,Lyric,가,FF 05 B0 A1,00:00:37:20,21105
11:11:45,2,1,Note,Db4,067 064 129,90 3D 43,00:00:37:20,21105
12:02:54,2,,Meta Event,Lyric,아,FF 05 BE C6,00:00:37:27,21234
12:02:54,2,1,Note,Db4,067 064 129,90 3D 43,00:00:37:27,21234
12:05:03,2,,Meta Event,Lyric,는,FF 05 B4 C2,00:00:38:04,21363
12:05:03,2,1,Note,C4,065 064 116,90 3C 41,00:00:38:04,21363
12:06:59,2,,Meta Event,Lyric,데,FF 05 B5 A5,00:00:38:10,21479
12:06:59,2,1,Note,C4,061 064 115,90 3C 3D,00:00:38:10,21479
12:08:54,2,,Meta Event,Lyric,에,FF 05 BF A1,00:00:38:16,21594
12:08:54,2,1,Note,C4,061 064 277,90 3C 3D,00:00:38:16,21594
12:06:54,2,1,Note,C7,100 064 120,90 60 64,00:00:39:02,21894
12:09:58,2,,Meta Event,Lyric,되,FF 05 B5 C7,00:00:39:12,22078
12:09:58,2,1,Note,Ab3,058 064 116,90 38 3A,00:00:39:12,22078
12:04:54,2,,Meta Event,Lyric,에,FF 05 BF A1,00:00:39:18,22194
12:04:54,2,1,Note,Ab3,058 064 108,90 38 3A,00:00:39:18,22194
12:06:42,2,,Meta Event,Lyric,돌,FF 05 B5 B9,00:00:39:24,22302
12:06:42,2,1,Note,Ab3,058 064 130,90 38 3A,00:00:39:24,22302
12:08:52,2,,Meta Event,Lyric,리,FF 05 B8 AE,00:00:40:01,22432
12:08:52,2,1,Note,C4,071 064 125,90 3C 47,00:00:40:01,22432
12:10:57,2,,Meta Event,Lyric,이,FF 05 C0 CC,00:00:40:08,22557
12:10:57,2,1,Note,C4,071 064 222,90 3C 47,00:00:40:08,22557
12:07:48,2,,Meta Event,Lyric,기,FF 05 B1 E2,00:00:40:20,22788
12:07:48,2,1,Note,Eb4,080 064 129,90 3F 50,00:00:40:20,22788
12:09:57,2,,Meta Event,Lyric,이,FF 05 C0 CC,00:00:40:27,22917
12:09:57,2,1,Note,Eb4,080 064 149,90 3F 50,00:00:40:27,22917
13:01:26,2,,Meta Event,Lyric,에,FF 05 BF A1,00:00:41:05,23066
13:01:26,2,1,Note,F4,081 064 207,90 41 51,00:00:41:05,23066
13:04:53,2,,Meta Event,Lyric,엔,FF 05 BF A3,00:00:41:16,23273
13:04:53,2,1,Note,F4,081 064 273,90 41 51,00:00:41:16,23273
13:02:43,2,1,Note,C7,100 064 120,90 60 64,00:00:42:02,23563
13:05:39,2,,Meta Event,Lyric,초,FF 05 C3 CA,00:00:42:11,23739
13:05:39,2,1,Note,Ab4,081 064 128,90 44 51,00:00:42:11,23739
13:07:47,2,,Meta Event,Lyric,옴,FF 05 BF C8,00:00:42:18,23867
13:07:47,2,1,Note,Ab4,081 064 133,90 44 51,00:00:42:18,23867
13:03:02,2,,Meta Event,Lyric,느,FF 05 B4 C0,00:00:42:25,24002
13:03:02,2,1,Note,G4,082 064 107,90 43 52,00:00:42:25,24002
13:04:49,2,,Meta Event,Lyric,으,FF 05 C0 B8,00:00:43:01,24109
13:04:49,2,1,Note,G4,082 064 101,90 43 52,00:00:43:01,24109
13:06:33,2,,Meta Event,Lyric,즌,FF 05 C1 F0,00:00:43:07,24213
13:06:33,2,1,Note,Ab4,064 064 139,90 44 40,00:00:43:07,24213
13:08:53,2,,Meta Event,Lyric,거,FF 05 B0 C5,00:00:43:14,24353
13:08:53,2,1,Note,G4,080 064 141,90 43 50,00:00:43:14,24353
13:04:14,2,,Meta Event,Lyric,어,FF 05 BE EE,00:00:43:22,24494
13:04:14,2,1,Note,G4,080 064 230,90 43 50,00:00:43:22,24494
13:08:05,2,,Meta Event,Lyric,까,FF 05 B1 EE,00:00:44:04,24725
13:08:05,2,1,Note,F4,075 064 110,90 41 4B,00:00:44:04,24725
13:09:55,2,,Meta Event,Lyric,아,FF 05 BE C6,00:00:44:10,24835
13:09:55,2,1,Note,F4,075 064 120,90 41 4B,00:00:44:10,24835
13:11:56,2,,Meta Event,Lyric,타,FF 05 C5 B8,00:00:44:16,24956
13:11:56,2,1,Note,Eb4,079 064 118,90 3F 4F,00:00:44:16,24956
14:02:54,2,,Meta Event,Lyric,아,FF 05 BE C6,00:00:44:23,25074
14:02:54,2,1,Note,Eb4,079 064 167,90 3F 4F,00:00:44:23,25074
14:05:51,2,1,Note,C7,100 064 120,90 60 64,00:00:45:02,25251
14:08:57,2,,Meta Event,Lyric,우,FF 05 BF EC,00:00:45:12,25437
14:08:57,2,1,Note,G4,085 064 239,90 43 55,00:00:45:12,25437
14:05:58,2,,Meta Event,Lyric,리,FF 05 B8 AE,00:00:45:25,25678
14:05:58,2,1,Note,Ab4,078 064 129,90 44 4E,00:00:45:25,25678
14:08:07,2,,Meta Event,Lyric,이,FF 05 C0 CC,00:00:46:02,25807
14:08:07,2,1,Note,Ab4,078 064 784,90 44 4E,00:00:46:02,25807
14:07:51,2,1,Note,C7,100 064 120,90 60 64,00:00:47:16,26631
14:11:17,2,,Meta Event,Lyric,그,FF 05 B1 D7,00:00:47:27,26837
14:11:17,2,1,Note,F4,098 064 131,90 41 62,00:00:47:27,26837
15:02:28,2,,Meta Event,Lyric,으,FF 05 C0 B8,00:00:48:04,26968
15:02:28,2,1,Note,F4,098 064 141,90 41 62,00:00:48:04,26968
15:04:49,2,,Meta Event,Lyric,녀,FF 05 B3 E0,00:00:48:12,27109
15:04:49,2,1,Note,G4,100 064 132,90 43 64,00:00:48:12,27109
15:07:04,2,,Meta Event,Lyric,르,FF 05 B8 A3,00:00:48:19,27244
15:07:04,2,1,Note,Ab4,098 064 136,90 44 62,00:00:48:19,27244
15:02:20,2,,Meta Event,Lyric,을,FF 05 C0 BB,00:00:48:26,27380
15:02:20,2,1,Note,Ab4,098 064 201,90 44 62,00:00:48:26,27380
15:05:52,2,1,Note,C7,100 064 106,90 60 64,00:00:49:08,27592
15:07:55,2,,Meta Event,Lyric,너,FF 05 B3 CA,00:00:49:14,27715
15:07:55,2,1,Note,F4,098 064 116,90 41 62,00:00:49:14,27715
15:09:51,2,,Meta Event,Lyric,무,FF 05 B9 AB,00:00:49:20,27831
15:09:51,2,1,Note,F4,103 064 109,90 41 67,00:00:49:20,27831
15:04:40,2,,Meta Event,Lyric,우,FF 05 BF EC,00:00:49:26,27940
15:04:40,2,1,Note,F4,103 064 117,90 41 67,00:00:49:26,27940
15:06:37,2,,Meta Event,Lyric,마,FF 05 B8 B6,00:00:50:03,28057
15:06:37,2,1,Note,G4,095 064 144,90 43 5F,00:00:50:03,28057
15:09:03,2,,Meta Event,Lyric,니,FF 05 B4 CF,00:00:50:10,28203
15:09:03,2,1,Note,Ab4,083 064 92,90 44 53,00:00:50:10,28203
15:10:35,2,,Meta Event,Lyric,이,FF 05 C0 CC,00:00:50:15,28295
15:10:35,2,1,Note,Ab4,083 064 97,90 44 53,00:00:50:15,28295
15:05:31,2,1,Note,C7,100 064 67,90 60 64,00:00:50:22,28411
15:06:52,2,,Meta Event,Lyric,사,FF 05 BB E7,00:00:50:26,28492
15:06:52,2,1,Note,F4,091 064 124,90 41 5B,00:00:50:26,28492
15:08:56,2,,Meta Event,Lyric,아,FF 05 BE C6,00:00:51:02,28616
15:08:56,2,1,Note,F4,091 064 160,90 41 5B,00:00:51:02,28616
15:11:38,2,,Meta Event,Lyric,라^,FF 05 B6 F3 5E,00:00:51:11,28778
15:11:38,2,1,Note,B4,108 064 86,90 47 6C,00:00:51:11,28778
16:02:07,2,,Meta Event,Lyric,앙,FF 05 BE D3,00:00:51:16,28867
16:02:07,2,1,Note,C5,107 064 170,90 48 6B,00:00:51:16,28867
16:04:58,2,,Meta Event,Lyric,해,FF 05 C7 D8,00:00:51:25,29038
16:04:58,2,1,Note,Db5,102 064 119,90 49 66,00:00:51:25,29038
16:06:57,2,,Meta Event,Lyric,애,FF 05 BE D6,00:00:52:01,29157
16:06:57,2,1,Note,Db5,102 064 117,90 49 66,00:00:52:01,29157
16:08:55,2,,Meta Event,Lyric,보,FF 05 BA B8,00:00:52:08,29275
16:08:55,2,1,Note,C5,111 064 119,90 48 6F,00:00:52:08,29275
16:03:54,2,,Meta Event,Lyric,오,FF 05 BF C0,00:00:52:14,29394
16:03:54,2,1,Note,C5,111 064 135,90 48 6F,00:00:52:14,29394
16:06:09,2,,Meta Event,Lyric,여,FF 05 BF A9,00:00:52:21,29529
16:06:09,2,1,Note,Bb4,097 064 129,90 46 61,00:00:52:21,29529
16:08:18,2,,Meta Event,Lyric,어,FF 05 BE EE,00:00:52:28,29658
16:08:18,2,1,Note,Bb4,097 064 914,90 46 61,00:00:52:28,29658
17:04:49,2,1,Note,C7,100 064 176,90 60 64,00:00:55:07,30949
17:08:09,2,,Meta Event,Lyric,하,FF 05 C7 CF,00:00:55:18,31149
17:08:09,2,1,Note,C4,079 064 143,90 3C 4F,00:00:55:18,31149
17:03:32,2,,Meta Event,Lyric,아,FF 05 BE C6,00:00:55:26,31292
17:03:32,2,1,Note,C4,079 064 142,90 3C 4F,00:00:55:26,31292
17:05:56,2,,Meta Event,Lyric,느,FF 05 B4 C0,00:00:56:04,31436
17:05:56,2,1,Note,Eb4,099 064 117,90 3F 63,00:00:56:04,31436
17:07:53,2,,Meta Event,Lyric,을,FF 05 C0 BB,00:00:56:10,31553
17:07:53,2,1,Note,Eb4,099 064 114,90 3F 63,00:00:56:10,31553
17:09:52,2,,Meta Event,Lyric,너^,FF 05 B3 CA 5E,00:00:56:16,31672
17:09:52,2,1,Note,A4,094 064 86,90 45 5E,00:00:56:16,31672
17:04:23,2,,Meta Event,Lyric,어,FF 05 BE EE,00:00:56:21,31763
17:04:23,2,1,Note,Bb4,099 064 631,90 46 63,00:00:56:21,31763
17:07:55,2,,Meta Event,Lyric,머,FF 05 B8 D3,00:00:57:25,32395
17:07:55,2,1,Note,C5,110 064 114,90 48 6E,00:00:57:25,32395
17:09:49,2,,Meta Event,Lyric,어,FF 05 BE EE,00:00:58:01,32509
17:09:49,2,1,Note,C5,110 064 118,90 48 6E,00:00:58:01,32509
17:11:52,2,,Meta Event,Lyric,로,FF 05 B7 CE,00:00:58:08,32632
17:11:52,2,1,Note,Bb4,103 064 131,90 46 67,00:00:58:08,32632
18:03:03,2,,Meta Event,Lyric,오,FF 05 BF C0,00:00:58:15,32763
18:03:03,2,1,Note,Bb4,103 064 383,90 46 67,00:00:58:15,32763
18:03:02,2,1,Note,C7,100 064 122,90 60 64,00:00:59:07,33182
18:05:33,2,,Meta Event,Lyric,모,FF 05 B8 F0,00:00:59:15,33333
18:05:33,2,1,Note,G4,099 064 147,90 43 63,00:00:59:15,33333
18:08:02,2,,Meta Event,Lyric,드,FF 05 B5 E5,00:00:59:23,33482
18:08:02,2,1,Note,Ab4,094 064 152,90 44 5E,00:00:59:23,33482
18:03:34,2,,Meta Event,Lyric,으,FF 05 C0 B8,00:01:00:01,33634
18:03:34,2,1,Note,Ab4,094 064 373,90 44 5E,00:01:00:01,33634
18:09:47,2,,Meta Event,Lyric,은,FF 05 C0 BA,00:01:00:21,34007
18:09:47,2,1,Note,Ab4,094 064 299,90 44 5E,00:01:00:21,34007
18:08:37,2,1,Note,C7,100 064 120,90 60 64,00:01:01:10,34357
18:11:24,2,,Meta Event,Lyric,추^,FF 05 C3 DF 5E,00:01:01:19,34524
18:11:24,2,1,Note,D5,105 064 134,90 4A 69,00:01:01:19,34524
19:02:38,2,,Meta Event,Lyric,우,FF 05 BF EC,00:01:01:26,34658
19:02:38,2,1,Note,Eb5,116 064 131,90 4B 74,00:01:01:26,34658
19:04:49,2,,Meta Event,Lyric,억,FF 05 BE EF,00:01:02:03,34789
19:04:49,2,1,Note,Db5,104 064 138,90 49 68,00:01:02:03,34789
19:07:07,2,,Meta Event,Lyric,모,FF 05 B8 F0,00:01:02:11,34927
19:07:07,2,1,Note,Db5,108 064 121,90 49 6C,00:01:02:11,34927
19:02:08,2,,Meta Event,Lyric,오,FF 05 BF C0,00:01:02:17,35048
19:02:08,2,1,Note,Db5,108 064 224,90 49 6C,00:01:02:17,35048
19:05:57,2,,Meta Event,Lyric,두,FF 05 B5 CE,00:01:02:29,35277
19:05:57,2,1,Note,C5,094 064 119,90 48 5E,00:01:02:29,35277
19:07:56,2,,Meta Event,Lyric,우,FF 05 BF EC,00:01:03:06,35396
19:07:56,2,1,Note,C5,094 064 114,90 48 5E,00:01:03:06,35396
19:09:53,2,,Meta Event,Lyric,저,FF 05 C0 FA,00:01:03:12,35513
19:09:53,2,1,Note,Db5,105 064 125,90 49 69,00:01:03:12,35513
19:04:58,2,,Meta Event,Lyric,어,FF 05 BE EE,00:01:03:19,35638
19:04:58,2,1,Note,Db5,105 064 123,90 49 69,00:01:03:19,35638
19:07:03,2,,Meta Event,Lyric,멀,FF 05 B8 D6,00:01:03:25,35763
19:07:03,2,1,Note,C5,095 064 128,90 48 5F,00:01:03:25,35763
19:09:12,2,,Meta Event,Lyric,리,FF 05 B8 AE,00:01:04:02,35892
19:09:12,2,1,Note,Bb4,089 064 109,90 46 59,00:01:04:02,35892
19:04:01,2,,Meta Event,Lyric,이,FF 05 C0 CC,00:01:04:08,36001
19:04:01,2,1,Note,Bb4,089 064 109,90 46 59,00:01:04:08,36001
19:05:51,2,,Meta Event,Lyric,로,FF 05 B7 CE,00:01:04:14,36111
19:05:51,2,1,Note,Ab4,084 064 100,90 44 54,00:01:04:14,36111
19:07:31,2,,Meta Event,Lyric,오,FF 05 BF C0,00:01:04:19,36211
19:07:31,2,1,Note,Ab4,084 064 85,90 44 54,00:01:04:19,36211
19:08:59,2,,Meta Event,Lyric,널,FF 05 B3 CE,00:01:04:24,36299
19:08:59,2,1,Note,F4,094 064 158,90 41 5E,00:01:04:24,36299
19:11:37,2,,Meta Event,Lyric,떠,FF 05 B6 B0,00:01:05:03,36457
19:11:37,2,1,Note,F4,092 064 119,90 41 5C,00:01:05:03,36457
20:02:36,2,,Meta Event,Lyric,어,FF 05 BE EE,00:01:05:09,36576
20:02:36,2,1,Note,F4,092 064 116,90 41 5C,00:01:05:09,36576
20:04:32,2,,Meta Event,Lyric,나,FF 05 B3 AA,00:01:05:15,36692
20:04:32,2,1,Note,G4,096 064 141,90 43 60,00:01:05:15,36692
20:06:58,2,,Meta Event,Lyric,보,FF 05 BA B8,00:01:05:23,36838
20:06:58,2,1,Note,Ab4,106 064 113,90 44 6A,00:01:05:23,36838
20:08:51,2,,Meta Event,Lyric,오,FF 05 BF C0,00:01:05:29,36951
20:08:51,2,1,Note,Ab4,106 064 123,90 44 6A,00:01:05:29,36951
20:04:04,2,1,Note,C7,100 064 103,90 60 64,00:01:06:06,37084
20:06:02,2,,Meta Event,Lyric,내,FF 05 B3 BB,00:01:06:12,37202
20:06:02,2,1,Note,C5,092 064 120,90 48 5C,00:01:06:12,37202
20:08:02,2,,Meta Event,Lyric,앨,FF 05 BE D9,00:01:06:19,37322
20:08:02,2,1,Note,C5,092 064 118,90 48 5C,00:01:06:19,37322
20:03:02,2,,Meta Event,Lyric,께,FF 05 B2 B2,00:01:06:25,37442
20:03:02,2,1,Note,Bb4,081 064 136,90 46 51,00:01:06:25,37442
20:05:18,2,,Meta Event,Lyric,에,FF 05 BF A1,00:01:07:03,37578
20:05:18,2,1,Note,Bb4,081 064 907,90 46 51,00:01:07:03,37578
21:05:17,2,1,Note,C7,100 064 141,90 60 64,00:01:09:00,38657
21:08:10,2,,Meta Event,Lyric,누,FF 05 B4 A9,00:01:09:10,38830
21:08:10,2,1,Note,C4,078 064 138,90 3C 4E,00:01:09:10,38830
21:03:28,2,,Meta Event,Lyric,우,FF 05 BF EC,00:01:09:17,38968
21:03:28,2,1,Note,C4,078 064 145,90 3C 4E,00:01:09:17,38968
21:05:54,2,,Meta Event,Lyric,느,FF 05 B4 C0,00:01:09:25,39114
21:05:54,2,1,Note,Eb4,087 064 128,90 3F 57,00:01:09:25,39114
21:08:02,2,,Meta Event,Lyric,을,FF 05 C0 BB,00:01:10:02,39242
21:08:02,2,1,Note,Eb4,087 064 115,90 3F 57,00:01:10:02,39242
21:03:04,2,,Meta Event,Lyric,가^,FF 05 B0 A1 5E,00:01:10:08,39364
21:03:04,2,1,Note,A4,087 064 95,90 45 57,00:01:10:08,39364
21:04:39,2,,Meta Event,Lyric,아,FF 05 BE C6,00:01:10:13,39459
21:04:39,2,1,Note,Bb4,094 064 388,90 46 5E,00:01:10:13,39459
21:04:07,2,,Meta Event,Lyric,암,FF 05 BE CF,00:01:11:04,39847
21:04:07,2,1,Note,Bb4,094 064 188,90 46 5E,00:01:11:04,39847
21:07:15,2,,Meta Event,Lyric,느,FF 05 B4 C0,00:01:11:14,40035
21:07:15,2,1,Note,C5,083 064 137,90 48 53,00:01:11:14,40035
21:09:32,2,,Meta Event,Lyric,은,FF 05 C0 BA,00:01:11:22,40172
21:09:32,2,1,Note,C5,083 064 146,90 48 53,00:01:11:22,40172
22:01:01,2,,Meta Event,Lyric,다,FF 05 B4 D9,00:01:12:00,40321
22:01:01,2,1,Note,Bb4,097 064 128,90 46 61,00:01:12:00,40321
22:03:09,2,,Meta Event,Lyric,아,FF 05 BE C6,00:01:12:06,40449
22:03:09,2,1,Note,Bb4,097 064 402,90 46 61,00:01:12:06,40449
22:02:59,2,1,Note,C7,100 064 120,90 60 64,00:01:12:28,40859
22:05:17,2,,Meta Event,Lyric,이,FF 05 C0 CC,00:01:13:06,40997
22:05:17,2,1,Note,G4,084 064 136,90 43 54,00:01:13:06,40997
22:07:37,2,,Meta Event,Lyric,제,FF 05 C1 A6,00:01:13:13,41137
22:07:37,2,1,Note,Ab4,094 064 146,90 44 5E,00:01:13:13,41137
22:03:03,2,,Meta Event,Lyric,에,FF 05 BF A1,00:01:13:21,41283
22:03:03,2,1,Note,Ab4,094 064 353,90 44 5E,00:01:13:21,41283
22:08:56,2,,Meta Event,Lyric,엔,FF 05 BF A3,00:01:14:10,41636
22:08:56,2,1,Note,Ab4,094 064 297,90 44 5E,00:01:14:10,41636
22:07:12,2,1,Note,C7,100 064 120,90 60 64,00:01:14:27,41952
22:09:59,2,,Meta Event,Lyric,내,FF 05 B3 BB,00:01:15:06,42119
22:09:59,2,1,Note,C5,097 064 120,90 48 61,00:01:15:06,42119
22:11:59,2,,Meta Event,Lyric,누,FF 05 B4 A9,00:01:15:12,42239
22:11:59,2,1,Note,C5,084 064 115,90 48 54,00:01:15:12,42239
23:02:54,2,,Meta Event,Lyric,운,FF 05 BF EE,00:01:15:18,42354
23:02:54,2,1,Note,C5,084 064 114,90 48 54,00:01:15:18,42354
23:04:50,2,,Meta Event,Lyric,가,FF 05 B0 A1,00:01:15:25,42470
23:04:50,2,1,Note,Bb4,106 064 113,90 46 6A,00:01:15:25,42470
23:06:45,2,,Meta Event,Lyric,드,FF 05 B5 E5,00:01:16:01,42585
23:06:45,2,1,Note,Db5,108 064 145,90 49 6C,00:01:16:01,42585
23:02:13,2,,Meta Event,Lyric,윽,FF 05 C0 B9,00:01:16:09,42733
23:02:13,2,1,Note,Db5,108 064 213,90 49 6C,00:01:16:09,42733
23:05:47,2,,Meta Event,Lyric,보,FF 05 BA B8,00:01:16:20,42947
23:05:47,2,1,Note,C5,106 064 111,90 48 6A,00:01:16:20,42947
23:07:38,2,,Meta Event,Lyric,오,FF 05 BF C0,00:01:16:26,43058
23:07:38,2,1,Note,C5,106 064 133,90 48 6A,00:01:16:26,43058
23:09:51,2,,Meta Event,Lyric,이,FF 05 C0 CC,00:01:17:03,43191
23:09:51,2,1,Note,Bb4,077 064 136,90 46 4D,00:01:17:03,43191
23:05:09,2,,Meta Event,Lyric,느,FF 05 B4 C0,00:01:17:11,43329
23:05:09,2,1,Note,Ab4,080 064 138,90 44 50,00:01:17:11,43329
23:07:27,2,,Meta Event,Lyric,은,FF 05 C0 BA,00:01:17:18,43467
23:07:27,2,1,Note,Ab4,080 064 203,90 44 50,00:01:17:18,43467
23:10:52,2,,Meta Event,Lyric,그,FF 05 B1 D7,00:01:17:29,43672
23:10:52,2,1,Note,G4,082 064 121,90 43 52,00:01:17:29,43672
23:05:53,2,,Meta Event,Lyric,으,FF 05 C0 B8,00:01:18:06,43793
23:05:53,2,1,Note,G4,082 064 127,90 43 52,00:01:18:06,43793
23:08:01,2,,Meta Event,Lyric,대,FF 05 B4 EB,00:01:18:12,43921
23:08:01,2,1,Note,Ab4,086 064 119,90 44 56,00:01:18:12,43921
23:10:00,2,,Meta Event,Lyric,모,FF 05 B8 F0,00:01:18:19,44040
23:10:00,2,1,Note,C5,093 064 133,90 48 5D,00:01:18:19,44040
24:01:13,2,,Meta Event,Lyric,오,FF 05 BF C0,00:01:18:26,44173
24:01:13,2,1,Note,C5,093 064 166,90 48 5D,00:01:18:26,44173
24:03:59,2,,Meta Event,Lyric,스,FF 05 BD BA,00:01:19:05,44339
24:03:59,2,1,Note,Db5,082 064 188,90 49 52,00:01:19:05,44339
24:07:09,2,,Meta Event,Lyric,비,FF 05 BA F1,00:01:19:15,44529
24:07:09,2,1,Note,Bb4,077 064 121,90 46 4D,00:01:19:15,44529
24:02:10,2,,Meta Event,Lyric,이,FF 05 C0 CC,00:01:19:21,44650
24:02:10,2,1,Note,Bb4,077 064 271,90 46 4D,00:01:19:21,44650
24:07:02,2,1,Note,C7,100 064 125,90 60 64,00:01:20:07,44942
24:09:42,2,,Meta Event,Lyric,너,FF 05 B3 CA,00:01:20:16,45102
24:09:42,2,1,Note,C5,090 064 123,90 48 5A,00:01:20:16,45102
24:04:45,2,,Meta Event,Lyric,어,FF 05 BE EE,00:01:20:22,45225
24:04:45,2,1,Note,C5,090 064 119,90 48 5A,00:01:20:22,45225
24:06:44,2,,Meta Event,Lyric,무,FF 05 B9 AB,00:01:20:29,45344
24:06:44,2,1,Note,Bb4,070 064 139,90 46 46,00:01:20:29,45344
24:09:04,2,,Meta Event,Lyric,미,FF 05 B9 CC,00:01:21:06,45484
24:09:04,2,1,Note,Ab4,076 064 118,90 44 4C,00:01:21:06,45484
24:04:02,2,,Meta Event,Lyric,이,FF 05 C0 CC,00:01:21:12,45602
24:04:02,2,1,Note,Ab4,076 064 168,90 44 4C,00:01:21:12,45602
24:06:50,2,,Meta Event,Lyric,워,FF 05 BF F6,00:01:21:21,45770
24:06:50,2,1,Note,G4,076 064 124,90 43 4C,00:01:21:21,45770
24:08:54,2,,Meta Event,Lyric,어,FF 05 BE EE,00:01:21:28,45894
24:08:54,2,1,Note,G4,076 064 137,90 43 4C,00:01:21:28,45894
24:11:11,2,,Meta Event,Lyric,서,FF 05 BC AD,00:01:22:05,46031
24:11:11,2,1,Note,Ab4,063 064 144,90 44 3F,00:01:22:05,46031
25:02:35,2,,Meta Event,Lyric,어,FF 05 BE EE,00:01:22:13,46175
25:02:35,2,1,Note,Ab4,063 064 1046,90 44 3F,00:01:22:13,46175
27:04:49,2,1,Note,C7,100 064 158,90 60 64,00:01:29:16,50149
27:07:47,2,,Meta Event,Lyric,사,FF 05 BB E7,00:01:29:26,50327
27:07:47,2,1,Note,C4,061 064 138,90 3C 3D,00:01:29:26,50327
27:03:05,2,,Meta Event,Lyric,아,FF 05 BE C6,00:01:30:03,50465
27:03:05,2,1,Note,C4,061 064 164,90 3C 3D,00:01:30:03,50465
27:05:49,2,,Meta Event,Lyric,라,FF 05 B6 F3,00:01:30:12,50629
27:05:49,2,1,Note,C4,063 064 125,90 3C 3F,00:01:30:12,50629
27:07:54,2,,Meta Event,Lyric,앙,FF 05 BE D3,00:01:30:18,50754
27:07:54,2,1,Note,C4,063 064 126,90 3C 3F,00:01:30:18,50754
27:03:00,2,,Meta Event,Lyric,하,FF 05 C7 CF,00:01:30:25,50880
27:03:00,2,1,Note,Db4,063 064 108,90 3D 3F,00:01:30:25,50880
27:04:48,2,,Meta Event,Lyric,아,FF 05 BE C6,00:01:31:01,50988
27:04:48,2,1,Note,Db4,063 064 114,90 3D 3F,00:01:31:01,50988
27:06:43,2,,Meta Event,Lyric,겠,FF 05 B0 DA,00:01:31:07,51103
27:06:43,2,1,Note,C4,050 064 86,90 3C 32,00:01:31:07,51103
27:08:14,2,,Meta Event,Lyric,죠,FF 05 C1 D2,00:01:31:12,51194
27:08:14,2,1,Note,Bb3,054 064 140,90 3A 36,00:01:31:12,51194
27:10:34,2,,Meta Event,Lyric,오,FF 05 BF C0,00:01:31:20,51334
27:10:34,2,1,Note,Bb3,054 064 257,90 3A 36,00:01:31:20,51334
27:07:53,2,,Meta Event,Lyric,나,FF 05 B3 AA,00:01:32:03,51593
27:07:53,2,1,Note,C4,057 064 103,90 3C 39,00:01:32:03,51593
27:09:36,2,,Meta Event,Lyric,아,FF 05 BE C6,00:01:32:09,51696
27:09:36,2,1,Note,C4,057 064 131,90 3C 39,00:01:32:09,51696
27:11:49,2,,Meta Event,Lyric,보,FF 05 BA B8,00:01:32:16,51829
27:11:49,2,1,Note,Bb3,054 064 112,90 3A 36,00:01:32:16,51829
28:02:41,2,,Meta Event,Lyric,오,FF 05 BF C0,00:01:32:22,51941
28:02:41,2,1,Note,Bb3,054 064 118,90 3A 36,00:01:32:22,51941
28:04:40,2,,Meta Event,Lyric,다,FF 05 B4 D9,00:01:32:28,52060
28:04:40,2,1,Note,Ab3,044 064 132,90 38 2C,00:01:32:28,52060
28:06:52,2,,Meta Event,Lyric,도,FF 05 B5 B5,00:01:33:05,52192
28:06:52,2,1,Note,Ab3,041 064 119,90 38 29,00:01:33:05,52192
28:08:51,2,,Meta Event,Lyric,오,FF 05 BF C0,00:01:33:12,52311
28:08:51,2,1,Note,Ab3,041 064 548,90 38 29,00:01:33:12,52311
28:04:19,2,1,Note,C7,100 064 207,90 60 64,00:01:35:05,53299
28:08:15,2,,Meta Event,Lyric,내,FF 05 B3 BB,00:01:35:17,53535
28:08:15,2,1,Note,Ab3,060 064 116,90 38 3C,00:01:35:17,53535
28:10:11,2,,Meta Event,Lyric,애,FF 05 BE D6,00:01:35:24,53651
28:10:11,2,1,Note,Ab3,060 064 106,90 38 3C,00:01:35:24,53651
28:11:58,2,,Meta Event,Lyric,가,FF 05 B0 A1,00:01:35:29,53758
28:11:58,2,1,Note,F4,079 064 111,90 41 4F,00:01:35:29,53758
29:02:49,2,,Meta Event,Lyric,아,FF 05 BE C6,00:01:36:05,53869
29:02:49,2,1,Note,F4,079 064 114,90 41 4F,00:01:36:05,53869
29:04:43,2,,Meta Event,Lyric,아,FF 05 BE C6,00:01:36:11,53983
29:04:43,2,1,Note,E4,080 064 127,90 40 50,00:01:36:11,53983
29:06:50,2,,Meta Event,Lyric,니,FF 05 B4 CF,00:01:36:18,54110
29:06:50,2,1,Note,F4,078 064 171,90 41 4E,00:01:36:18,54110
29:02:41,2,,Meta Event,Lyric,인,FF 05 C0 CE,00:01:36:27,54281
29:02:41,2,1,Note,F4,078 064 185,90 41 4E,00:01:36:27,54281
29:05:46,2,,Meta Event,Lyric,그,FF 05 B1 D7,00:01:37:07,54466
29:05:46,2,1,Note,Ab3,058 064 121,90 38 3A,00:01:37:07,54466
29:07:47,2,,Meta Event,Lyric,으,FF 05 C0 B8,00:01:37:14,54587
29:07:47,2,1,Note,Ab3,058 064 129,90 38 3A,00:01:37:14,54587
29:09:58,2,,Meta Event,Lyric,녀,FF 05 B3 E0,00:01:37:21,54718
29:09:58,2,1,Note,G3,055 064 113,90 37 37,00:01:37:21,54718
29:04:51,2,,Meta Event,Lyric,어,FF 05 BE EE,00:01:37:27,54831
29:04:51,2,1,Note,G3,055 064 103,90 37 37,00:01:37:27,54831
29:06:34,2,,Meta Event,Lyric,와,FF 05 BF CD,00:01:38:02,54934
29:06:34,2,1,Note,Ab3,056 064 84,90 38 38,00:01:38:02,54934
29:08:03,2,,Meta Event,Lyric,이,FF 05 C0 CC,00:01:38:07,55023
29:08:03,2,1,Note,Bb3,057 064 321,90 3A 39,00:01:38:07,55023
29:06:24,2,,Meta Event,Lyric,쓰,FF 05 BE B2,00:01:38:24,55344
29:06:24,2,1,Note,Eb4,067 064 142,90 3F 43,00:01:38:24,55344
29:08:46,2,,Meta Event,Lyric,을,FF 05 C0 BB,00:01:39:02,55486
29:08:46,2,1,Note,Eb4,067 064 182,90 3F 43,00:01:39:02,55486
29:11:49,2,,Meta Event,Lyric,니,FF 05 B4 CF,00:01:39:12,55669
29:11:49,2,1,Note,Db4,064 064 133,90 3D 40,00:01:39:12,55669
30:03:02,2,,Meta Event,Lyric,이,FF 05 C0 CC,00:01:39:19,55802
30:03:02,2,1,Note,Db4,064 064 366,90 3D 40,00:01:39:19,55802
30:02:40,2,1,Note,C7,100 064 120,90 60 64,00:01:40:10,56200
30:05:27,2,,Meta Event,Lyric,모,FF 05 B8 F0,00:01:40:19,56367
30:05:27,2,1,Note,C4,062 064 102,90 3C 3E,00:01:40:19,56367
30:07:09,2,,Meta Event,Lyric,오,FF 05 BF C0,00:01:40:25,56469
30:07:09,2,1,Note,C4,062 064 103,90 3C 3E,00:01:40:25,56469
30:08:52,2,,Meta Event,Lyric,스,FF 05 BD BA,00:01:41:00,56572
30:08:52,2,1,Note,C4,058 064 262,90 3C 3A,00:01:41:00,56572
30:06:14,2,,Meta Event,Lyric,읍,FF 05 C0 BE,00:01:41:14,56834
30:06:14,2,1,Note,C4,058 064 282,90 3C 3A,00:01:41:14,56834
30:04:29,2,1,Note,C7,100 064 120,90 60 64,00:01:42:01,57149
30:07:35,2,,Meta Event,Lyric,처,FF 05 C3 B3,00:01:42:11,57335
30:07:35,2,1,Note,Db4,075 064 131,90 3D 4B,00:01:42:11,57335
30:09:46,2,,Meta Event,Lyric,어,FF 05 BE EE,00:01:42:18,57466
30:09:46,2,1,Note,Db4,075 064 147,90 3D 4B,00:01:42:18,57466
31:01:13,2,,Meta Event,Lyric,으,FF 05 C0 B8,00:01:42:26,57613
31:01:13,2,1,Note,C4,063 064 707,90 3C 3F,00:01:42:26,57613
31:06:02,2,,Meta Event,Lyric,매,FF 05 B8 C5,00:01:44:04,58322
31:06:02,2,1,Note,Bb3,066 064 126,90 3A 42,00:01:44:04,58322
31:08:08,2,,Meta Event,Lyric,앤,FF 05 BE D8,00:01:44:11,58448
31:08:08,2,1,Note,Bb3,066 064 106,90 3A 42,00:01:44:11,58448
31:09:55,2,,Meta Event,Lyric,너,FF 05 B3 CA,00:01:44:16,58555
31:09:55,2,1,Note,Db4,067 064 116,90 3D 43,00:01:44:16,58555
31:04:51,2,,Meta Event,Lyric,어,FF 05 BE EE,00:01:44:23,58671
31:04:51,2,1,Note,Db4,067 064 115,90 3D 43,00:01:44:23,58671
31:06:46,2,,Meta Event,Lyric,이,FF 05 C0 CC,00:01:44:29,58786
31:06:46,2,1,Note,C4,058 064 113,90 3C 3A,00:01:44:29,58786
31:08:39,2,,Meta Event,Lyric,일,FF 05 C0 CF,00:01:45:05,58899
31:08:39,2,1,Note,C4,058 064 124,90 3C 3A,00:01:45:05,58899
31:10:44,2,,Meta Event,Lyric,꺼,FF 05 B2 A8,00:01:45:11,59024
31:10:44,2,1,Note,G3,050 064 120,90 37 32,00:01:45:11,59024
31:05:46,2,,Meta Event,Lyric,라,FF 05 B6 F3,00:01:45:18,59146
31:05:46,2,1,Note,C4,053 064 85,90 3C 35,00:01:45:18,59146
31:07:14,2,,Meta Event,Lyric,아,FF 05 BE C6,00:01:45:23,59234
31:07:14,2,1,Note,C4,053 064 95,90 3C 35,00:01:45:23,59234
31:09:05,2,1,Note,C7,100 064 110,90 60 64,00:01:45:29,59345
31:11:10,2,,Meta Event,Lyric,새,FF 05 BB F5,00:01:46:05,59470
31:11:10,2,1,Note,Bb3,063 064 134,90 3A 3F,00:01:46:05,59470
32:02:24,2,,Meta Event,Lyric,앵,FF 05 BE DE,00:01:46:13,59604
32:02:24,2,1,Note,Bb3,063 064 128,90 3A 3F,00:01:46:13,59604
32:04:34,2,,Meta Event,Lyric,각,FF 05 B0 A2,00:01:46:20,59734
32:04:34,2,1,Note,Ab3,055 064 131,90 38 37,00:01:46:20,59734
32:06:45,2,,Meta Event,Lyric,모,FF 05 B8 F0,00:01:46:27,59865
32:06:45,2,1,Note,C4,060 064 131,90 3C 3C,00:01:46:27,59865
32:08:56,2,,Meta Event,Lyric,오,FF 05 BF C0,00:01:47:04,59996
32:08:56,2,1,Note,C4,060 064 220,90 3C 3C,00:01:47:04,59996
32:05:37,2,,Meta Event,Lyric,테,FF 05 C5 D7,00:01:47:15,60217
32:05:37,2,1,Note,Ab3,052 064 124,90 38 34,00:01:47:15,60217
32:07:41,2,,Meta Event,Lyric,써,FF 05 BD E1,00:01:47:22,60341
32:07:41,2,1,Note,Bb3,056 064 142,90 3A 38,00:01:47:22,60341
32:03:03,2,,Meta Event,Lyric,어,FF 05 BE EE,00:01:48:00,60483
32:03:03,2,1,Note,Bb3,056 064 454,90 3A 38,00:01:48:00,60483
32:04:04,2,1,Note,C7,100 064 172,90 60 64,00:01:48:25,60964
32:07:56,2,,Meta Event,Lyric,나,FF 05 B3 AA,00:01:49:08,61196
32:07:56,2,1,Note,Ab3,059 064 114,90 38 3B,00:01:49:08,61196
32:09:50,2,,Meta Event,Lyric,아,FF 05 BE C6,00:01:49:14,61310
32:09:50,2,1,Note,Ab3,059 064 118,90 38 3B,00:01:49:14,61310
32:11:48,2,,Meta Event,Lyric,너,FF 05 B3 CA,00:01:49:20,61428
32:11:48,2,1,Note,Ab3,056 064 115,90 38 38,00:01:49:20,61428
33:02:43,2,,Meta Event,Lyric,어,FF 05 BE EE,00:01:49:26,61543
33:02:43,2,1,Note,Ab3,056 064 119,90 38 38,00:01:49:26,61543
33:04:44,2,,Meta Event,Lyric,느,FF 05 B4 C0,00:01:50:03,61664
33:04:44,2,1,Note,G3,052 064 80,90 37 34,00:01:50:03,61664
33:06:04,2,,Meta Event,Lyric,새,FF 05 BB F5,00:01:50:07,61744
33:06:04,2,1,Note,Ab3,049 064 112,90 38 31,00:01:50:07,61744
33:07:56,2,,Meta Event,Lyric,애,FF 05 BE D6,00:01:50:13,61856
33:07:56,2,1,Note,Ab3,049 064 303,90 38 31,00:01:50:13,61856
33:06:01,2,,Meta Event,Lyric,보,FF 05 BA B8,00:01:51:00,62161
33:06:01,2,1,Note,Db4,066 064 120,90 3D 42,00:01:51:00,62161
33:08:01,2,,Meta Event,Lyric,오,FF 05 BF C0,00:01:51:06,62281
33:08:01,2,1,Note,Db4,066 064 117,90 3D 42,00:01:51:06,62281
33:03:03,2,,Meta Event,Lyric,고,FF 05 B0 ED,00:01:51:13,62403
33:03:03,2,1,Note,Bb3,060 064 122,90 3A 3C,00:01:51:13,62403
33:05:05,2,,Meta Event,Lyric,오,FF 05 BF C0,00:01:51:19,62525
33:05:05,2,1,Note,Bb3,060 064 114,90 3A 3C,00:01:51:19,62525
33:06:59,2,,Meta Event,Lyric,마,FF 05 B8 B6,00:01:51:25,62639
33:06:59,2,1,Note,Bb3,063 064 130,90 3A 3F,00:01:51:25,62639
33:09:10,2,,Meta Event,Lyric,니,FF 05 B4 CF,00:01:52:02,62770
33:09:10,2,1,Note,C4,060 064 115,90 3C 3C,00:01:52:02,62770
33:04:05,2,,Meta Event,Lyric,이,FF 05 C0 CC,00:01:52:08,62885
33:04:05,2,1,Note,C4,060 064 143,90 3C 3C,00:01:52:08,62885
33:06:28,2,,Meta Event,Lyric,써,FF 05 BD E1,00:01:52:16,63028
33:06:28,2,1,Note,Bb3,054 064 104,90 3A 36,00:01:52:16,63028
33:08:12,2,,Meta Event,Lyric,어,FF 05 BE EE,00:01:52:22,63132
33:08:12,2,1,Note,Bb3,054 064 111,90 3A 36,00:01:52:22,63132
33:10:05,2,,Meta Event,Lyric,써,FF 05 BD E1,00:01:52:28,63245
33:10:05,2,1,Note,Ab3,050 064 122,90 38 32,00:01:52:28,63245
34:01:07,2,,Meta Event,Lyric,어,FF 05 BE EE,00:01:53:04,63367
34:01:07,2,1,Note,Ab3,050 064 668,90 38 32,00:01:53:04,63367
34:05:36,2,1,Note,C7,100 064 174,90 60 64,00:01:54:11,64056
34:09:46,2,,Meta Event,Lyric,미,FF 05 B9 CC,00:01:54:24,64306
34:09:46,2,1,Note,Ab3,060 064 124,90 38 3C,00:01:54:24,64306
34:04:50,2,,Meta Event,Lyric,이,FF 05 C0 CC,00:01:55:01,64430
34:04:50,2,1,Note,Ab3,060 064 106,90 38 3C,00:01:55:01,64430
34:06:39,2,,Meta Event,Lyric,들,FF 05 B5 E9,00:01:55:07,64539
34:06:39,2,1,Note,Ab3,050 064 78,90 38 32,00:01:55:07,64539
34:07:57,2,,Meta Event,Lyric,쑤,FF 05 BE A5,00:01:55:11,64617
34:07:57,2,1,Note,C4,064 064 142,90 3C 40,00:01:55:11,64617
34:10:19,2,,Meta Event,Lyric,우,FF 05 BF EC,00:01:55:19,64759
34:10:19,2,1,Note,C4,064 064 287,90 3C 40,00:01:55:19,64759
34:08:06,2,,Meta Event,Lyric,업,FF 05 BE F7,00:01:56:04,65046
34:08:06,2,1,Note,Eb4,075 064 142,90 3F 4B,00:01:56:04,65046
34:10:28,2,,Meta Event,Lyric,써,FF 05 BD E1,00:01:56:12,65188
34:10:28,2,1,Note,F4,074 064 154,90 41 4A,00:01:56:12,65188
35:02:02,2,,Meta Event,Lyric,어,FF 05 BE EE,00:01:56:20,65342
35:02:02,2,1,Note,F4,074 064 441,90 41 4A,00:01:56:20,65342
35:02:44,2,1,Note,C7,100 064 142,90 60 64,00:01:57:15,65804
35:05:47,2,,Meta Event,Lyric,우,FF 05 BF EC,00:01:57:25,65987
35:05:47,2,1,Note,Ab3,065 064 246,90 38 41,00:01:57:25,65987
35:09:55,2,,Meta Event,Lyric,리,FF 05 B8 AE,00:01:58:08,66235
35:09:55,2,1,Note,G3,059 064 118,90 37 3B,00:01:58:08,66235
35:04:53,2,,Meta Event,Lyric,이,FF 05 C0 CC,00:01:58:14,66353
35:04:53,2,1,Note,G3,059 064 117,90 37 3B,00:01:58:14,66353
35:06:50,2,,Meta Event,Lyric,에,FF 05 BF A1,00:01:58:20,66470
35:06:50,2,1,Note,Ab3,058 064 88,90 38 3A,00:01:58:20,66470
35:08:20,2,,Meta Event,Lyric,사,FF 05 BB E7,00:01:58:25,66560
35:08:20,2,1,Note,Bb3,067 064 127,90 3A 43,00:01:58:25,66560
35:10:27,2,,Meta Event,Lyric,아,FF 05 BE C6,00:01:59:02,66687
35:10:27,2,1,Note,Bb3,067 064 264,90 3A 43,00:01:59:02,66687
35:07:53,2,,Meta Event,Lyric,라,FF 05 B6 F3,00:01:59:16,66953
35:07:53,2,1,Note,F4,079 064 133,90 41 4F,00:01:59:16,66953
35:10:06,2,,Meta Event,Lyric,앙,FF 05 BE D3,00:01:59:23,67086
35:10:06,2,1,Note,F4,079 064 139,90 41 4F,00:01:59:23,67086
36:01:25,2,,Meta Event,Lyric,으,FF 05 C0 B8,00:02:00:01,67225
36:01:25,2,1,Note,Eb4,077 064 209,90 3F 4D,00:02:00:01,67225
36:04:54,2,,Meta Event,Lyric,은,FF 05 C0 BA,00:02:00:12,67434
36:04:54,2,1,Note,Eb4,077 064 262,90 3F 4D,00:02:00:12,67434
36:02:28,2,1,Note,C7,100 064 142,90 60 64,00:02:00:27,67708
36:05:26,2,,Meta Event,Lyric,지,FF 05 C1 F6,00:02:01:06,67886
36:05:26,2,1,Note,Eb4,078 064 136,90 3F 4E,00:02:01:06,67886
36:07:42,2,,Meta Event,Lyric,이,FF 05 C0 CC,00:02:01:14,68022
36:07:42,2,1,Note,Eb4,078 064 133,90 3F 4E,00:02:01:14,68022
36:09:56,2,,Meta Event,Lyric,루,FF 05 B7 E7,00:02:01:21,68156
36:09:56,2,1,Note,F4,084 064 122,90 41 54,00:02:01:21,68156
36:04:58,2,,Meta Event,Lyric,우,FF 05 BF EC,00:02:01:27,68278
36:04:58,2,1,Note,F4,084 064 117,90 41 54,00:02:01:27,68278
36:06:58,2,,Meta Event,Lyric,한,FF 05 C7 D1,00:02:02:04,68398
36:06:58,2,1,Note,Gb4,082 064 142,90 42 52,00:02:02:04,68398
36:09:20,2,,Meta Event,Lyric,지,FF 05 C1 F6,00:02:02:11,68540
36:09:20,2,1,Note,F4,073 064 119,90 41 49,00:02:02:11,68540
36:04:19,2,,Meta Event,Lyric,이,FF 05 C0 CC,00:02:02:18,68659
36:04:19,2,1,Note,F4,073 064 216,90 41 49,00:02:02:18,68659
36:07:57,2,,Meta Event,Lyric,또,FF 05 B6 C7,00:02:02:29,68877
36:07:57,2,1,Note,Eb4,078 064 117,90 3F 4E,00:02:02:29,68877
36:09:54,2,,Meta Event,Lyric,오,FF 05 BF C0,00:02:03:06,68994
36:09:54,2,1,Note,Eb4,078 064 113,90 3F 4E,00:02:03:06,68994
36:11:47,2,,Meta Event,Lyric,그,FF 05 B1 D7,00:02:03:12,69107
36:11:47,2,1,Note,Eb4,068 064 119,90 3F 44,00:02:03:12,69107
37:02:47,2,,Meta Event,Lyric,러,FF 05 B7 AF,00:02:03:18,69227
37:02:47,2,1,Note,Db4,056 064 120,90 3D 38,00:02:03:18,69227
37:04:47,2,,Meta Event,Lyric,케,FF 05 C4 C9,00:02:03:25,69347
37:04:47,2,1,Note,Db4,065 064 118,90 3D 41,00:02:03:25,69347
37:06:45,2,,Meta Event,Lyric,에,FF 05 BF A1,00:02:04:01,69465
37:06:45,2,1,Note,Db4,065 064 138,90 3D 41,00:02:04:01,69465
37:02:27,2,1,Note,C7,100 064 134,90 60 64,00:02:04:10,69627
37:05:12,2,,Meta Event,Lyric,하,FF 05 C7 CF,00:02:04:18,69792
37:05:12,2,1,Note,Ab3,062 064 135,90 38 3E,00:02:04:18,69792
37:07:27,2,,Meta Event,Lyric,아,FF 05 BE C6,00:02:04:26,69927
37:07:27,2,1,Note,Ab3,062 064 135,90 38 3E,00:02:04:26,69927
37:09:44,2,,Meta Event,Lyric,루,FF 05 B7 E7,00:02:05:03,70064
37:09:44,2,1,Note,G3,054 064 109,90 37 36,00:02:05:03,70064
37:04:33,2,,Meta Event,Lyric,우,FF 05 BF EC,00:02:05:09,70173
37:04:33,2,1,Note,G3,054 064 86,90 37 36,00:02:05:09,70173
37:06:04,2,,Meta Event,Lyric,를,FF 05 B8 A6,00:02:05:14,70264
37:06:04,2,1,Note,Ab3,050 064 159,90 38 32,00:02:05:14,70264
37:08:45,2,,Meta Event,Lyric,떼,FF 05 B6 BC,00:02:05:22,70425
37:08:45,2,1,Note,Bb3,058 064 131,90 3A 3A,00:02:05:22,70425
37:10:56,2,,Meta Event,Lyric,에,FF 05 BF A1,00:02:05:29,70556
37:10:56,2,1,Note,Bb3,058 064 219,90 3A 3A,00:02:05:29,70556
37:07:35,2,,Meta Event,Lyric,워,FF 05 BF F6,00:02:06:11,70775
37:07:35,2,1,Note,Eb4,069 064 129,90 3F 45,00:02:06:11,70775
37:09:44,2,,Meta Event,Lyric,어,FF 05 BE EE,00:02:06:18,70904
37:09:44,2,1,Note,Eb4,069 064 121,90 3F 45,00:02:06:18,70904
37:11:46,2,,Meta Event,Lyric,가,FF 05 B0 A1,00:02:06:24,71026
37:11:46,2,1,Note,Db4,070 064 108,90 3D 46,00:02:06:24,71026
38:02:34,2,,Meta Event,Lyric,아,FF 05 BE C6,00:02:07:00,71134
38:02:34,2,1,Note,Db4,070 064 122,90 3D 46,00:02:07:00,71134
38:04:36,2,,Meta Event,Lyric,는,FF 05 B4 C2,00:02:07:07,71256
38:04:36,2,1,Note,C4,070 064 129,90 3C 46,00:02:07:07,71256
38:06:45,2,,Meta Event,Lyric,데,FF 05 B5 A5,00:02:07:14,71385
38:06:45,2,1,Note,C4,058 064 117,90 3C 3A,00:02:07:14,71385
38:08:42,2,,Meta Event,Lyric,에,FF 05 BF A1,00:02:07:20,71502
38:08:42,2,1,Note,C4,058 064 265,90 3C 3A,00:02:07:20,71502
38:06:27,2,1,Note,C7,100 064 144,90 60 64,00:02:08:05,71787
38:09:41,2,,Meta Event,Lyric,되,FF 05 B5 C7,00:02:08:16,71981
38:09:41,2,1,Note,Ab3,058 064 128,90 38 3A,00:02:08:16,71981
38:04:49,2,,Meta Event,Lyric,에,FF 05 BF A1,00:02:08:22,72109
38:04:49,2,1,Note,Ab3,058 064 118,90 38 3A,00:02:08:22,72109
38:06:47,2,,Meta Event,Lyric,돌,FF 05 B5 B9,00:02:08:29,72227
38:06:47,2,1,Note,Ab3,058 064 135,90 38 3A,00:02:08:29,72227
38:09:03,2,,Meta Event,Lyric,리,FF 05 B8 AE,00:02:09:06,72363
38:09:03,2,1,Note,C4,071 064 122,90 3C 47,00:02:09:06,72363
38:04:05,2,,Meta Event,Lyric,이,FF 05 C0 CC,00:02:09:13,72485
38:04:05,2,1,Note,C4,071 064 228,90 3C 47,00:02:09:13,72485
38:07:55,2,,Meta Event,Lyric,기,FF 05 B1 E2,00:02:09:25,72715
38:07:55,2,1,Note,Eb4,076 064 125,90 3F 4C,00:02:09:25,72715
38:10:00,2,,Meta Event,Lyric,이,FF 05 C0 CC,00:02:10:02,72840
38:10:00,2,1,Note,Eb4,076 064 158,90 3F 4C,00:02:10:02,72840
39:01:38,2,,Meta Event,Lyric,에,FF 05 BF A1,00:02:10:10,72998
39:01:38,2,1,Note,F4,076 064 241,90 41 4C,00:02:10:10,72998
39:05:39,2,,Meta Event,Lyric,엔,FF 05 BF A3,00:02:10:23,73239
39:05:39,2,1,Note,F4,076 064 231,90 41 4C,00:02:10:23,73239
39:02:51,2,1,Note,C7,100 064 125,90 60 64,00:02:11:07,73491
39:05:29,2,,Meta Event,Lyric,조,FF 05 C1 B6,00:02:11:15,73649
39:05:29,2,1,Note,Ab4,094 064 129,90 44 5E,00:02:11:15,73649
39:07:38,2,,Meta Event,Lyric,옴,FF 05 BF C8,00:02:11:22,73778
39:07:38,2,1,Note,Ab4,094 064 124,90 44 5E,00:02:11:22,73778
39:09:44,2,,Meta Event,Lyric,느,FF 05 B4 C0,00:02:11:29,73904
39:09:44,2,1,Note,G4,097 064 110,90 43 61,00:02:11:29,73904
39:04:34,2,,Meta Event,Lyric,으,FF 05 C0 B8,00:02:12:05,74014
39:04:34,2,1,Note,G4,097 064 114,90 43 61,00:02:12:05,74014
39:06:30,2,,Meta Event,Lyric,즌,FF 05 C1 F0,00:02:12:11,74130
39:06:30,2,1,Note,Ab4,071 064 142,90 44 47,00:02:12:11,74130
39:08:57,2,,Meta Event,Lyric,거,FF 05 B0 C5,00:02:12:19,74277
39:08:57,2,1,Note,G4,081 064 125,90 43 51,00:02:12:19,74277
39:04:02,2,,Meta Event,Lyric,어,FF 05 BE EE,00:02:12:25,74402
39:04:02,2,1,Note,G4,081 064 238,90 43 51,00:02:12:25,74402
39:08:02,2,,Meta Event,Lyric,까,FF 05 B1 EE,00:02:13:08,74642
39:08:02,2,1,Note,F4,072 064 105,90 41 48,00:02:13:08,74642
39:09:47,2,,Meta Event,Lyric,아,FF 05 BE C6,00:02:13:14,74747
39:09:47,2,1,Note,F4,072 064 114,90 41 48,00:02:13:14,74747
39:11:43,2,,Meta Event,Lyric,타,FF 05 C5 B8,00:02:13:20,74863
39:11:43,2,1,Note,Eb4,083 064 135,90 3F 53,00:02:13:20,74863
40:02:58,2,,Meta Event,Lyric,아,FF 05 BE C6,00:02:13:27,74998
40:02:58,2,1,Note,Eb4,083 064 189,90 3F 53,00:02:13:27,74998
40:06:23,2,1,Note,C7,100 064 119,90 60 64,00:02:14:08,75203
40:08:51,2,,Meta Event,Lyric,우,FF 05 BF EC,00:02:14:16,75351
40:08:51,2,1,Note,G4,090 064 260,90 43 5A,00:02:14:16,75351
40:06:13,2,,Meta Event,Lyric,리,FF 05 B8 AE,00:02:15:00,75613
40:06:13,2,1,Note,Ab4,084 064 132,90 44 54,00:02:15:00,75613
40:08:25,2,,Meta Event,Lyric,이,FF 05 C0 CC,00:02:15:07,75745
40:08:25,2,1,Note,Ab4,084 064 784,90 44 54,00:02:15:07,75745
40:08:13,2,1,Note,C7,100 064 133,90 60 64,00:02:16:22,76573
40:11:37,2,,Meta Event,Lyric,그,FF 05 B1 D7,00:02:17:03,76777
40:11:37,2,1,Note,F4,094 064 116,90 41 5E,00:02:17:03,76777
41:02:33,2,,Meta Event,Lyric,으,FF 05 C0 B8,00:02:17:09,76893
41:02:33,2,1,Note,F4,094 064 86,90 41 5E,00:02:17:09,76893
41:04:04,2,,Meta Event,Lyric,녀,FF 05 B3 E0,00:02:17:14,76984
41:04:04,2,1,Note,G4,098 064 179,90 43 62,00:02:17:14,76984
41:07:08,2,,Meta Event,Lyric,르,FF 05 B8 A3,00:02:17:23,77168
41:07:08,2,1,Note,Ab4,097 064 150,90 44 61,00:02:17:23,77168
41:02:38,2,,Meta Event,Lyric,을,FF 05 C0 BB,00:02:18:02,77318
41:02:38,2,1,Note,Ab4,097 064 179,90 44 61,00:02:18:02,77318
41:05:49,2,1,Note,C7,100 064 98,90 60 64,00:02:18:12,77509
41:07:41,2,,Meta Event,Lyric,너,FF 05 B3 CA,00:02:18:18,77621
41:07:41,2,1,Note,F4,094 064 124,90 41 5E,00:02:18:18,77621
41:09:45,2,,Meta Event,Lyric,무,FF 05 B9 AB,00:02:18:24,77745
41:09:45,2,1,Note,F4,098 064 128,90 41 62,00:02:18:24,77745
41:04:53,2,,Meta Event,Lyric,우,FF 05 BF EC,00:02:19:01,77873
41:04:53,2,1,Note,F4,098 064 115,90 41 62,00:02:19:01,77873
41:06:49,2,,Meta Event,Lyric,마,FF 05 B8 B6,00:02:19:07,77989
41:06:49,2,1,Note,G4,098 064 101,90 43 62,00:02:19:07,77989
41:08:30,2,,Meta Event,Lyric,니,FF 05 B4 CF,00:02:19:13,78090
41:08:30,2,1,Note,Ab4,091 064 85,90 44 5B,00:02:19:13,78090
41:09:58,2,,Meta Event,Lyric,이,FF 05 C0 CC,00:02:19:18,78178
41:09:58,2,1,Note,Ab4,091 064 169,90 44 5B,00:02:19:18,78178
41:05:58,2,1,Note,C7,100 064 69,90 60 64,00:02:19:27,78358
41:07:25,2,,Meta Event,Lyric,사,FF 05 BB E7,00:02:20:02,78445
41:07:25,2,1,Note,F4,086 064 140,90 41 56,00:02:20:02,78445
41:09:45,2,,Meta Event,Lyric,아,FF 05 BE C6,00:02:20:09,78585
41:09:45,2,1,Note,F4,086 064 127,90 41 56,00:02:20:09,78585
41:11:55,2,,Meta Event,Lyric,라^,FF 05 B6 F3 5E,00:02:20:16,78715
41:11:55,2,1,Note,B4,101 064 108,90 47 65,00:02:20:16,78715
42:02:43,2,,Meta Event,Lyric,앙,FF 05 BE D3,00:02:20:22,78823
42:02:43,2,1,Note,C5,103 064 120,90 48 67,00:02:20:22,78823
42:04:43,2,,Meta Event,Lyric,해,FF 05 C7 D8,00:02:20:29,78943
42:04:43,2,1,Note,Db5,097 064 117,90 49 61,00:02:20:29,78943
42:06:40,2,,Meta Event,Lyric,애,FF 05 BE D6,00:02:21:05,79060
42:06:40,2,1,Note,Db5,097 064 127,90 49 61,00:02:21:05,79060
42:08:48,2,,Meta Event,Lyric,보,FF 05 BA B8,00:02:21:12,79188
42:08:48,2,1,Note,C5,109 064 126,90 48 6D,00:02:21:12,79188
42:03:54,2,,Meta Event,Lyric,오,FF 05 BF C0,00:02:21:18,79314
42:03:54,2,1,Note,C5,109 064 134,90 48 6D,00:02:21:18,79314
42:06:08,2,,Meta Event,Lyric,여,FF 05 BF A9,00:02:21:26,79448
42:06:08,2,1,Note,Bb4,093 064 122,90 46 5D,00:02:21:26,79448
42:08:10,2,,Meta Event,Lyric,어,FF 05 BE EE,00:02:22:02,79570
42:08:10,2,1,Note,Bb4,093 064 673,90 46 5D,00:02:22:02,79570
43:04:46,2,1,Note,C7,100 064 197,90 60 64,00:02:24:12,80866
43:08:29,2,,Meta Event,Lyric,하,FF 05 C7 CF,00:02:24:24,81089
43:08:29,2,1,Note,C4,078 064 132,90 3C 4E,00:02:24:24,81089
43:03:41,2,,Meta Event,Lyric,아,FF 05 BE C6,00:02:25:01,81221
43:03:41,2,1,Note,C4,078 064 125,90 3C 4E,00:02:25:01,81221
43:05:46,2,,Meta Event,Lyric,느,FF 05 B4 C0,00:02:25:07,81346
43:05:46,2,1,Note,Eb4,090 064 116,90 3F 5A,00:02:25:07,81346
43:07:42,2,,Meta Event,Lyric,을,FF 05 C0 BB,00:02:25:14,81462
43:07:42,2,1,Note,Eb4,090 064 126,90 3F 5A,00:02:25:14,81462
43:09:49,2,,Meta Event,Lyric,너^,FF 05 B3 CA 5E,00:02:25:20,81589
43:09:49,2,1,Note,A4,096 064 110,90 45 60,00:02:25:20,81589
43:04:39,2,,Meta Event,Lyric,어,FF 05 BE EE,00:02:25:26,81699
43:04:39,2,1,Note,Bb4,092 064 619,90 46 5C,00:02:25:26,81699
43:08:00,2,,Meta Event,Lyric,머,FF 05 B8 D3,00:02:26:29,82320
43:08:00,2,1,Note,C5,107 064 122,90 48 6B,00:02:26:29,82320
43:10:02,2,,Meta Event,Lyric,어,FF 05 BE EE,00:02:27:06,82442
43:10:02,2,1,Note,C5,107 064 115,90 48 6B,00:02:27:06,82442
44:01:00,2,,Meta Event,Lyric,로,FF 05 B7 CE,00:02:27:12,82560
44:01:00,2,1,Note,Bb4,097 064 130,90 46 61,00:02:27:12,82560
44:03:10,2,,Meta Event,Lyric,오,FF 05 BF C0,00:02:27:19,82690
44:03:10,2,1,Note,Bb4,097 064 395,90 46 61,00:02:27:19,82690
44:03:07,2,1,Note,C7,100 064 137,90 60 64,00:02:28:12,83107
44:05:43,2,,Meta Event,Lyric,모,FF 05 B8 F0,00:02:28:20,83263
44:05:43,2,1,Note,G4,098 064 134,90 43 62,00:02:28:20,83263
44:07:58,2,,Meta Event,Lyric,드,FF 05 B5 E5,00:02:28:27,83398
44:07:58,2,1,Note,Ab4,092 064 124,90 44 5C,00:02:28:27,83398
44:03:02,2,,Meta Event,Lyric,으,FF 05 C0 B8,00:02:29:04,83522
44:03:02,2,1,Note,Ab4,092 064 358,90 44 5C,00:02:29:04,83522
44:09:00,2,,Meta Event,Lyric,은,FF 05 C0 BA,00:02:29:23,83880
44:09:00,2,1,Note,Ab4,092 064 339,90 44 5C,00:02:29:23,83880
44:08:09,2,1,Note,C7,100 064 120,90 60 64,00:02:30:13,84249
44:10:54,2,,Meta Event,Lyric,추^,FF 05 C3 DF 5E,00:02:30:22,84414
44:10:54,2,1,Note,D5,107 064 141,90 4A 6B,00:02:30:22,84414
45:02:17,2,,Meta Event,Lyric,우,FF 05 BF EC,00:02:30:29,84557
45:02:17,2,1,Note,Eb5,125 064 152,90 4B 7D,00:02:30:29,84557
45:04:49,2,,Meta Event,Lyric,억,FF 05 BE EF,00:02:31:07,84709
45:04:49,2,1,Note,Db5,108 064 140,90 49 6C,00:02:31:07,84709
45:07:09,2,,Meta Event,Lyric,모,FF 05 B8 F0,00:02:31:15,84849
45:07:09,2,1,Note,Db5,115 064 125,90 49 73,00:02:31:15,84849
45:02:14,2,,Meta Event,Lyric,오,FF 05 BF C0,00:02:31:22,84974
45:02:14,2,1,Note,Db5,115 064 212,90 49 73,00:02:31:22,84974
45:05:49,2,,Meta Event,Lyric,두,FF 05 B5 CE,00:02:32:03,85189
45:05:49,2,1,Note,C5,106 064 106,90 48 6A,00:02:32:03,85189
45:07:35,2,,Meta Event,Lyric,우,FF 05 BF EC,00:02:32:09,85295
45:07:35,2,1,Note,C5,106 064 119,90 48 6A,00:02:32:09,85295
45:09:34,2,,Meta Event,Lyric,저,FF 05 C0 FA,00:02:32:15,85414
45:09:34,2,1,Note,Db5,109 064 122,90 49 6D,00:02:32:15,85414
45:04:36,2,,Meta Event,Lyric,어,FF 05 BE EE,00:02:32:22,85536
45:04:36,2,1,Note,Db5,109 064 143,90 49 6D,00:02:32:22,85536
45:07:00,2,,Meta Event,Lyric,멀,FF 05 B8 D6,00:02:32:29,85680
45:07:00,2,1,Note,C5,103 064 122,90 48 67,00:02:32:29,85680
45:09:02,2,,Meta Event,Lyric,리,FF 05 B8 AE,00:02:33:06,85802
45:09:02,2,1,Note,Bb4,096 064 107,90 46 60,00:02:33:06,85802
45:10:49,2,,Meta Event,Lyric,이,FF 05 C0 CC,00:02:33:12,85909
45:10:49,2,1,Note,Bb4,096 064 112,90 46 60,00:02:33:12,85909
45:05:42,2,,Meta Event,Lyric,로,FF 05 B7 CE,00:02:33:18,86022
45:05:42,2,1,Note,Ab4,108 064 86,90 44 6C,00:02:33:18,86022
45:07:10,2,,Meta Event,Lyric,오,FF 05 BF C0,00:02:33:23,86110
45:07:10,2,1,Note,Ab4,108 064 111,90 44 6C,00:02:33:23,86110
45:09:01,2,,Meta Event,Lyric,널,FF 05 B3 CE,00:02:33:28,86221
45:09:01,2,1,Note,F4,094 064 162,90 41 5E,00:02:33:28,86221
45:11:43,2,,Meta Event,Lyric,떠,FF 05 B6 B0,00:02:34:07,86383
45:11:43,2,1,Note,F4,095 064 120,90 41 5F,00:02:34:07,86383
46:02:43,2,,Meta Event,Lyric,어,FF 05 BE EE,00:02:34:14,86503
46:02:43,2,1,Note,F4,095 064 120,90 41 5F,00:02:34:14,86503
46:04:43,2,,Meta Event,Lyric,나,FF 05 B3 AA,00:02:34:20,86623
46:04:43,2,1,Note,G4,093 064 132,90 43 5D,00:02:34:20,86623
46:06:57,2,,Meta Event,Lyric,보,FF 05 BA B8,00:02:34:27,86757
46:06:57,2,1,Note,Ab4,103 064 119,90 44 67,00:02:34:27,86757
46:08:56,2,,Meta Event,Lyric,오,FF 05 BF C0,00:02:35:04,86876
46:08:56,2,1,Note,Ab4,103 064 234,90 44 67,00:02:35:04,86876
46:05:51,2,,Meta Event,Lyric,내,FF 05 B3 BB,00:02:35:16,87111
46:05:51,2,1,Note,C5,094 064 115,90 48 5E,00:02:35:16,87111
46:07:46,2,,Meta Event,Lyric,앨,FF 05 BE D9,00:02:35:22,87226
46:07:46,2,1,Note,C5,094 064 110,90 48 5E,00:02:35:22,87226
46:09:59,2,,Meta Event,Lyric,께,FF 05 B2 B2,00:02:35:29,87359
46:09:59,2,1,Note,Bb4,092 064 136,90 46 5C,00:02:35:29,87359
46:05:15,2,,Meta Event,Lyric,에,FF 05 BF A1,00:02:36:07,87495
46:05:15,2,1,Note,Bb4,092 064 569,90 46 5C,00:02:36:07,87495
47:04:39,2,1,Note,C7,100 064 212,90 60 64,00:02:38:03,88539
47:08:41,2,,Meta Event,Lyric,누,FF 05 B4 A9,00:02:38:16,88781
47:08:41,2,1,Note,C4,088 064 140,90 3C 58,00:02:38:16,88781
47:04:01,2,,Meta Event,Lyric,우,FF 05 BF EC,00:02:38:23,88921
47:04:01,2,1,Note,C4,088 064 136,90 3C 58,00:02:38:23,88921
47:06:17,2,,Meta Event,Lyric,느,FF 05 B4 C0,00:02:39:00,89057
47:06:17,2,1,Note,Eb4,097 064 115,90 3F 61,00:02:39:00,89057
47:08:12,2,,Meta Event,Lyric,을,FF 05 C0 BB,00:02:39:07,89172
47:08:12,2,1,Note,Eb4,097 064 104,90 3F 61,00:02:39:07,89172
47:09:57,2,,Meta Event,Lyric,가^,FF 05 B0 A1 5E,00:02:39:12,89277
47:09:57,2,1,Note,A4,098 064 127,90 45 62,00:02:39:12,89277
47:05:04,2,,Meta Event,Lyric,아,FF 05 BE C6,00:02:39:19,89404
47:05:04,2,1,Note,Bb4,104 064 403,90 46 68,00:02:39:19,89404
47:04:47,2,,Meta Event,Lyric,암,FF 05 BE CF,00:02:40:11,89807
47:04:47,2,1,Note,Bb4,104 064 202,90 46 68,00:02:40:11,89807
47:08:10,2,,Meta Event,Lyric,느,FF 05 B4 C0,00:02:40:21,90010
47:08:10,2,1,Note,C5,084 064 108,90 48 54,00:02:40:21,90010
47:09:58,2,,Meta Event,Lyric,은,FF 05 C0 BA,00:02:40:27,90118
47:09:58,2,1,Note,C5,084 064 120,90 48 54,00:02:40:27,90118
47:11:59,2,,Meta Event,Lyric,다,FF 05 B4 D9,00:02:41:04,90239
47:11:59,2,1,Note,Bb4,115 064 117,90 46 73,00:02:41:04,90239
48:02:56,2,,Meta Event,Lyric,아,FF 05 BE C6,00:02:41:10,90356
48:02:56,2,1,Note,Bb4,115 064 387,90 46 73,00:02:41:10,90356
48:02:41,2,1,Note,C7,100 064 120,90 60 64,00:02:42:02,90761
48:05:45,2,,Meta Event,Lyric,이,FF 05 C0 CC,00:02:42:12,90945
48:05:45,2,1,Note,G4,098 064 120,90 43 62,00:02:42:12,90945
48:07:46,2,,Meta Event,Lyric,제,FF 05 C1 A6,00:02:42:18,91066
48:07:46,2,1,Note,Ab4,099 064 143,90 44 63,00:02:42:18,91066
48:03:09,2,,Meta Event,Lyric,에,FF 05 BF A1,00:02:42:26,91209
48:03:09,2,1,Note,Ab4,099 064 355,90 44 63,00:02:42:26,91209
48:09:04,2,,Meta Event,Lyric,엔,FF 05 BF A3,00:02:43:15,91564
48:09:04,2,1,Note,Ab4,099 064 243,90 44 63,00:02:43:15,91564
48:06:27,2,1,Note,C7,100 064 120,90 60 64,00:02:43:29,91827
48:09:19,2,,Meta Event,Lyric,내,FF 05 B3 BB,00:02:44:08,91999
48:09:19,2,1,Note,C5,095 064 169,90 48 5F,00:02:44:08,91999
49:01:08,2,,Meta Event,Lyric,누,FF 05 B4 A9,00:02:44:17,92168
49:01:08,2,1,Note,C5,094 064 109,90 48 5E,00:02:44:17,92168
49:02:57,2,,Meta Event,Lyric,운,FF 05 BF EE,00:02:44:23,92277
49:02:57,2,1,Note,C5,094 064 112,90 48 5E,00:02:44:23,92277
49:04:50,2,,Meta Event,Lyric,가,FF 05 B0 A1,00:02:44:29,92390
49:04:50,2,1,Note,Bb4,108 064 128,90 46 6C,00:02:44:29,92390
49:06:58,2,,Meta Event,Lyric,드,FF 05 B5 E5,00:02:45:06,92518
49:06:58,2,1,Note,Db5,111 064 179,90 49 6F,00:02:45:06,92518
49:02:57,2,,Meta Event,Lyric,윽,FF 05 C0 B9,00:02:45:15,92697
49:02:57,2,1,Note,Db5,111 064 188,90 49 6F,00:02:45:15,92697
49:06:06,2,,Meta Event,Lyric,보,FF 05 BA B8,00:02:45:26,92886
49:06:06,2,1,Note,C5,112 064 114,90 48 70,00:02:45:26,92886
49:08:00,2,,Meta Event,Lyric,오,FF 05 BF C0,00:02:46:02,93000
49:08:00,2,1,Note,C5,112 064 115,90 48 70,00:02:46:02,93000
49:09:55,2,,Meta Event,Lyric,이,FF 05 C0 CC,00:02:46:08,93115
49:09:55,2,1,Note,Bb4,089 064 127,90 46 59,00:02:46:08,93115
49:05:03,2,,Meta Event,Lyric,느,FF 05 B4 C0,00:02:46:15,93243
49:05:03,2,1,Note,Ab4,092 064 164,90 44 5C,00:02:46:15,93243
49:07:47,2,,Meta Event,Lyric,은,FF 05 C0 BA,00:02:46:23,93407
49:07:47,2,1,Note,Ab4,092 064 176,90 44 5C,00:02:46:23,93407
49:10:48,2,,Meta Event,Lyric,그,FF 05 B1 D7,00:02:47:03,93588
49:10:48,2,1,Note,G4,093 064 114,90 43 5D,00:02:47:03,93588
49:05:42,2,,Meta Event,Lyric,으,FF 05 C0 B8,00:02:47:09,93702
49:05:42,2,1,Note,G4,093 064 110,90 43 5D,00:02:47:09,93702
49:07:34,2,,Meta Event,Lyric,대,FF 05 B4 EB,00:02:47:15,93814
49:07:34,2,1,Note,Ab4,084 064 145,90 44 54,00:02:47:15,93814
49:10:04,2,,Meta Event,Lyric,모,FF 05 B8 F0,00:02:47:23,93964
49:10:04,2,1,Note,C5,091 064 127,90 48 5B,00:02:47:23,93964
50:01:11,2,,Meta Event,Lyric,오,FF 05 BF C0,00:02:48:00,94091
50:01:11,2,1,Note,C5,091 064 172,90 48 5B,00:02:48:00,94091
50:04:03,2,,Meta Event,Lyric,스,FF 05 BD BA,00:02:48:09,94263
50:04:03,2,1,Note,Db5,089 064 180,90 49 59,00:02:48:09,94263
50:07:05,2,,Meta Event,Lyric,비,FF 05 BA F1,00:02:48:19,94445
50:07:05,2,1,Note,Bb4,085 064 123,90 46 55,00:02:48:19,94445
50:02:08,2,,Meta Event,Lyric,이,FF 05 C0 CC,00:02:48:26,94568
50:02:08,2,1,Note,Bb4,085 064 249,90 46 55,00:02:48:26,94568
50:06:31,2,1,Note,C7,100 064 120,90 60 64,00:02:49:10,94831
50:09:36,2,,Meta Event,Lyric,너,FF 05 B3 CA,00:02:49:20,95016
50:09:36,2,1,Note,C5,095 064 124,90 48 5F,00:02:49:20,95016
50:04:40,2,,Meta Event,Lyric,어,FF 05 BE EE,00:02:49:26,95140
50:04:40,2,1,Note,C5,095 064 128,90 48 5F,00:02:49:26,95140
50:06:48,2,,Meta Event,Lyric,무,FF 05 B9 AB,00:02:50:03,95268
50:06:48,2,1,Note,Bb4,073 064 141,90 46 49,00:02:50:03,95268
50:09:10,2,,Meta Event,Lyric,미,FF 05 B9 CC,00:02:50:11,95410
50:09:10,2,1,Note,Ab4,078 064 114,90 44 4E,00:02:50:11,95410
50:04:04,2,,Meta Event,Lyric,이,FF 05 C0 CC,00:02:50:17,95524
50:04:04,2,1,Note,Ab4,078 064 191,90 44 4E,00:02:50:17,95524
50:07:15,2,,Meta Event,Lyric,워,FF 05 BF F6,00:02:50:27,95715
50:07:15,2,1,Note,G4,073 064 120,90 43 49,00:02:50:27,95715
50:09:15,2,,Meta Event,Lyric,어,FF 05 BE EE,00:02:51:04,95835
50:09:15,2,1,Note,G4,073 064 112,90 43 49,00:02:51:04,95835
50:11:07,2,,Meta Event,Lyric,서,FF 05 BC AD,00:02:51:10,95947
50:11:07,2,1,Note,Ab4,068 064 142,90 44 44,00:02:51:10,95947
51:02:29,2,,Meta Event,Lyric,어,FF 05 BE EE,00:02:51:17,96089
51:02:29,2,1,Note,Ab4,068 064 881,90 44 44,00:02:51:17,96089
